Stage,Soil_Quality,N,P,K,pH,EC,Moisture,Temperature,Organic_Matter,Urea_g,TSP_g,MOP_g,Compost_kg
Mature,Medium,25.27,38.54,44.59,6.16,0.67,13.36,20.56,4.06,105.89,103.0,80.45,3.0
Young,Medium,31.61,31.47,40.34,5.66,0.66,19.01,38.99,4.91,81.0,72.0,50.0,3.24
Harvest,Poor,23.94,15.27,45.74,6.29,0.84,38.43,22.95,4.74,140.0,50.0,90.79,1.82
Mature,Poor,12.46,28.16,18.5,6.05,0.76,36.76,13.68,5.34,95.0,107.0,53.0,6.0
Mature,Rich,27.51,38.01,49.9,5.14,0.32,48.94,13.82,4.96,210.0,154.81,45.0,4.0
Mature,Medium,40.83,31.51,38.74,6.46,0.33,35.03,38.67,2.56,60.64,143.0,84.0,3.0
Young,Medium,44.32,43.85,38.46,6.14,0.69,25.34,26.3,3.89,82.91,100.0,98.64,4.0
Mature,Poor,13.05,23.82,26.19,6.18,0.62,37.43,29.79,2.78,99.0,125.0,117.0,1.97
Harvest,Poor,28.04,22.22,39.39,5.19,0.47,48.37,41.57,2.92,91.83,103.0,110.0,3.0
Mature,Rich,21.14,11.76,47.17,5.68,0.57,21.49,7.84,5.51,96.12,122.75,117.0,4.0
Young,Medium,15.65,20.62,32.02,5.56,0.79,35.42,25.34,4.43,164.97,114.38,108.0,3.96
Harvest,Medium,20.17,40.49,12.38,6.39,0.84,19.52,35.15,5.69,112.0,136.61,102.99,5.11
Mature,Poor,17.35,44.8,28.92,5.97,0.66,43.64,16.58,3.29,158.4,113.05,39.92,5.0
Harvest,Poor,6.64,45.31,16.94,6.23,0.55,25.24,38.33,3.81,202.0,172.0,95.98,4.33
Young,Medium,31.42,45.71,14.55,5.67,0.48,34.34,48.68,3.59,156.41,102.0,50.0,5.22
Young,Poor,47.72,5.29,9.41,5.34,0.64,13.78,19.06,1.96,171.13,46.0,44.0,2.09
Mature,Poor,16.14,12.68,48.59,5.83,0.5,31.48,44.34,2.52,118.48,76.0,53.23,4.7
Mature,Medium,10.25,30.38,33.73,5.1,0.67,40.71,29.13,3.77,86.0,112.0,113.92,4.81
Harvest,Rich,18.98,27.79,20.64,6.24,0.74,29.21,33.93,1.79,111.29,117.52,106.69,3.0
Young,Poor,19.91,22.81,16.1,5.95,0.34,41.55,27.88,5.51,214.29,119.0,125.34,2.62
Harvest,Rich,27.88,25.44,33.11,6.14,0.3,13.73,9.79,2.03,159.0,141.0,128.0,2.7
Young,Poor,33.32,23.54,37.72,5.53,0.44,17.56,16.54,2.35,104.0,81.0,120.0,3.0
Young,Medium,26.23,16.37,30.8,6.46,0.88,31.72,43.9,4.79,132.15,134.43,51.1,4.0
Young,Medium,39.68,39.06,17.73,6.34,0.72,7.05,28.43,1.92,193.68,139.75,119.0,2.37
Mature,Medium,31.83,6.52,21.84,6.17,0.41,7.16,38.7,5.37,167.0,100.0,115.32,5.0
Young,Rich,10.87,21.94,49.24,5.29,0.88,36.26,7.58,4.62,150.0,99.0,118.0,2.24
Harvest,Medium,13.72,19.96,40.36,5.7,0.61,12.45,26.15,1.8,201.63,68.0,52.8,2.0
Mature,Medium,43.48,30.27,22.54,5.07,0.61,24.53,35.7,4.47,167.59,100.3,50.0,3.14
Young,Poor,31.5,39.4,24.27,5.23,0.91,13.14,5.19,4.22,162.84,151.0,123.07,3.0
Young,Medium,45.6,17.93,14.87,6.02,0.34,14.96,20.91,4.76,90.36,168.0,54.82,6.0
Mature,Poor,22.98,31.38,37.08,6.12,0.44,18.76,26.08,5.06,77.02,124.73,72.54,3.07
Mature,Medium,44.01,37.03,33.25,6.45,0.68,44.15,45.25,4.59,214.42,84.71,80.0,3.0
Young,Rich,31.58,24.09,17.6,5.49,0.43,25.38,46.06,4.02,156.0,136.79,50.0,2.63
Harvest,Poor,19.04,9.83,41.63,5.56,0.74,17.64,17.26,2.89,126.51,145.0,40.88,3.0
Young,Rich,40.77,45.99,31.49,5.7,0.44,30.89,11.26,4.5,154.24,89.18,129.0,4.0
Harvest,Medium,15.66,18.44,32.6,5.28,0.36,24.03,21.88,5.61,70.0,156.0,118.78,5.08
Young,Poor,24.12,9.94,19.01,5.19,0.43,22.22,17.35,4.03,191.54,54.02,122.0,3.33
Harvest,Medium,40.27,43.44,37.82,5.71,0.57,27.94,21.06,4.36,94.66,45.0,64.9,4.43
Harvest,Rich,27.95,20.71,44.84,5.34,0.41,35.36,41.93,3.38,189.0,60.72,59.03,3.82
Harvest,Medium,15.9,10.61,24.48,6.0,0.39,9.2,19.05,4.75,145.5,65.0,77.75,5.36
Mature,Medium,28.76,16.05,15.26,5.66,0.86,23.01,38.37,5.79,104.0,163.53,80.25,4.19
Mature,Poor,35.24,24.96,18.83,6.25,0.51,26.13,26.93,2.19,64.83,101.8,39.51,3.02
Young,Rich,49.5,31.65,43.74,6.05,0.53,22.03,31.34,2.37,191.0,81.39,110.0,4.76
Young,Medium,32.19,39.28,42.3,5.47,0.34,43.41,17.08,3.82,88.23,102.35,129.7,5.24
Young,Medium,14.15,47.35,16.84,6.25,0.53,32.24,49.33,3.57,68.0,97.7,87.0,4.0
Young,Rich,37.51,48.54,30.38,6.21,0.47,14.9,15.67,3.96,181.0,85.0,74.33,6.0
Harvest,Poor,35.22,11.92,26.36,5.58,0.7,42.66,30.39,1.71,116.0,62.75,75.0,5.0
Young,Poor,9.2,15.66,35.29,5.43,0.43,7.73,29.83,3.24,122.0,133.2,47.74,2.63
Harvest,Medium,17.05,32.53,30.58,6.02,0.88,24.55,48.74,4.01,99.53,62.58,63.0,5.0
Young,Rich,16.77,18.64,5.24,5.21,0.9,19.8,25.27,4.02,197.47,149.46,84.69,4.0
Harvest,Poor,33.94,24.22,40.04,5.3,0.36,44.01,28.64,4.33,108.0,71.0,78.3,4.05
Young,Poor,42.31,31.55,5.21,5.01,0.37,8.37,15.44,4.6,94.0,143.0,88.6,3.96
Young,Poor,30.59,48.39,25.03,6.18,0.37,10.02,37.41,4.26,109.0,153.56,116.26,5.0
Harvest,Poor,28.19,39.84,15.26,6.0,0.7,37.94,25.09,4.9,92.0,61.0,59.5,4.37
Young,Medium,5.98,22.68,20.39,6.06,0.38,34.96,8.28,4.19,110.82,55.8,41.52,4.06
Mature,Rich,24.32,35.63,17.38,6.17,0.85,24.88,12.2,3.81,73.27,173.14,42.48,2.01
Mature,Poor,33.17,43.46,32.72,5.69,0.79,37.72,36.56,4.11,85.36,107.0,51.0,4.0
Young,Rich,33.33,9.61,38.66,5.85,0.83,7.32,29.64,1.94,126.73,129.71,90.91,5.61
Young,Poor,44.95,46.94,39.81,5.21,0.64,34.71,9.56,2.67,201.0,47.0,112.54,5.0
Harvest,Rich,15.19,23.52,17.88,5.17,0.95,36.07,48.3,3.77,69.17,82.0,120.0,2.0
Mature,Medium,14.27,21.48,49.59,6.0,0.33,10.87,36.41,5.25,94.03,113.0,96.8,5.51
Mature,Medium,17.4,13.37,20.1,5.71,0.56,5.6,12.71,4.42,205.34,164.53,75.69,5.27
Mature,Poor,21.8,20.46,49.97,5.85,0.51,41.91,45.33,1.89,202.4,80.92,53.06,4.0
Harvest,Rich,43.8,45.43,40.62,6.15,0.92,5.66,43.94,4.05,168.71,149.43,75.53,1.89
Mature,Rich,25.64,32.08,6.62,5.95,0.67,49.5,33.9,2.45,98.0,134.0,69.25,4.16
Mature,Rich,11.72,5.64,40.68,5.83,0.82,17.82,16.33,4.66,127.0,59.68,118.0,2.03
Harvest,Poor,11.95,21.02,45.94,5.84,0.41,19.03,35.09,5.06,93.8,83.9,83.29,3.15
Young,Poor,40.72,25.84,26.94,5.46,0.94,22.54,37.87,4.05,80.57,76.0,59.58,4.0
Mature,Medium,6.4,28.46,39.77,5.05,0.62,20.13,7.66,4.04,120.8,104.18,65.0,5.63
Young,Poor,17.88,39.84,36.0,5.66,0.62,21.64,41.27,2.96,152.13,130.41,51.0,3.0
Harvest,Rich,29.14,30.21,10.87,5.32,0.93,29.82,40.95,3.42,117.59,103.0,123.0,5.41
Harvest,Medium,30.84,26.71,33.31,5.61,0.55,49.08,34.15,5.22,157.73,77.26,43.58,5.66
Mature,Medium,11.09,25.33,38.4,6.28,0.56,37.89,28.07,4.61,107.4,139.0,40.0,1.89
Mature,Medium,39.7,7.13,21.84,5.35,0.68,39.07,47.84,3.73,115.34,123.0,55.65,2.81
Mature,Rich,40.26,30.19,9.09,5.09,0.38,34.09,41.04,3.08,187.0,114.63,112.79,4.78
Harvest,Poor,18.94,26.76,18.16,5.42,0.51,22.8,26.95,1.72,200.53,119.0,87.0,4.98
Young,Rich,49.55,7.87,32.73,5.44,0.43,20.21,10.91,2.11,111.53,74.18,95.95,3.45
Young,Poor,38.43,38.62,48.61,5.99,0.37,7.92,33.19,2.33,151.44,137.0,71.55,5.0
Harvest,Medium,35.86,7.26,27.26,5.84,0.86,28.62,17.8,3.11,104.51,96.7,45.0,4.37
Harvest,Rich,6.96,15.74,14.43,6.18,0.68,17.07,34.81,5.56,69.0,93.43,116.91,4.91
Young,Rich,47.82,15.85,15.1,6.0,0.53,37.58,39.41,3.67,178.0,64.0,56.0,5.0
Mature,Rich,5.43,21.17,30.1,5.61,0.57,34.45,41.02,2.51,87.36,125.0,42.01,2.0
Harvest,Medium,46.51,10.81,38.25,6.22,0.58,28.91,8.31,1.95,128.0,126.0,91.12,2.0
Mature,Poor,44.26,24.97,28.64,5.25,0.71,37.3,27.28,2.95,137.93,90.28,46.58,2.0
Harvest,Poor,36.37,47.57,11.66,5.03,0.9,41.25,5.33,5.01,90.0,160.94,47.71,5.72
Harvest,Rich,14.34,45.35,13.94,5.14,0.91,49.05,33.52,3.15,75.13,159.0,112.0,5.64
Mature,Medium,15.53,42.77,40.04,6.08,0.55,45.76,9.48,4.82,115.68,59.0,84.0,5.15
Harvest,Rich,18.45,27.33,32.79,5.69,0.51,23.86,34.26,4.95,212.0,138.53,60.98,2.0
Harvest,Poor,6.72,22.67,24.97,5.24,0.59,25.5,35.56,1.98,158.42,97.56,70.73,4.0
Harvest,Rich,7.82,10.41,27.56,5.75,0.67,40.05,22.27,4.12,121.0,179.96,105.0,2.59
Harvest,Rich,26.96,5.42,9.28,5.23,0.6,43.18,18.52,5.62,66.23,74.6,45.0,3.0
Young,Poor,26.44,33.67,24.15,6.04,0.73,36.84,37.9,3.23,156.04,82.15,49.6,2.92
Harvest,Rich,6.23,48.3,14.11,5.67,0.66,50.0,19.33,1.72,74.76,104.13,95.08,5.28
Mature,Poor,26.7,35.3,16.31,5.57,0.51,31.9,42.99,5.47,147.0,81.0,94.0,2.0
Harvest,Rich,11.51,7.02,15.51,5.45,0.52,28.54,17.48,5.3,180.0,138.11,127.49,4.51
Young,Poor,9.73,8.15,5.5,5.95,0.55,25.52,21.99,3.75,127.77,109.0,73.08,5.93
Young,Rich,48.4,13.31,19.95,5.54,0.36,22.38,32.86,3.87,108.0,74.0,44.92,5.0
Mature,Medium,5.85,9.6,10.88,5.13,0.41,49.07,28.37,2.41,67.58,113.0,87.92,2.0
Mature,Poor,44.67,33.04,29.13,5.18,0.77,35.67,45.01,5.02,64.0,164.88,97.0,6.0
Mature,Rich,7.7,29.7,7.42,6.44,0.55,23.53,22.59,3.64,129.0,151.77,52.0,4.5
Young,Poor,12.17,34.45,42.34,6.36,0.44,15.44,29.15,1.65,201.34,112.0,89.31,3.72
Young,Medium,8.65,40.05,28.97,6.05,0.67,46.08,42.06,4.44,99.05,83.23,57.0,5.0
Young,Medium,42.89,41.5,33.92,5.4,0.79,47.93,22.37,5.59,151.85,68.46,115.87,5.49
Mature,Rich,49.39,7.98,41.75,6.45,0.47,6.94,45.97,5.07,169.0,163.0,115.0,4.0
Mature,Poor,22.5,6.46,23.88,6.17,0.84,14.66,15.45,2.69,70.0,140.58,78.1,4.0
Harvest,Poor,17.5,25.37,15.96,6.08,0.9,12.24,26.57,1.73,84.5,121.81,126.97,3.7
Young,Medium,25.07,32.44,27.48,5.67,0.69,28.52,40.72,5.54,113.0,164.0,128.16,2.0
Harvest,Medium,41.52,38.93,42.48,5.41,0.73,28.75,31.68,5.53,167.0,60.55,50.76,5.0
Mature,Medium,26.13,45.38,29.77,5.14,0.33,6.99,26.09,3.79,130.25,136.82,72.46,2.0
Harvest,Rich,36.8,5.32,19.15,6.35,0.91,29.7,46.86,4.26,177.0,73.47,93.63,3.0
Harvest,Medium,27.4,35.08,24.68,5.68,0.56,20.45,11.79,3.49,198.82,60.0,46.72,3.42
Young,Rich,24.82,22.41,10.57,5.3,0.9,18.06,27.73,3.3,181.0,107.0,73.82,2.98
Young,Rich,35.22,49.1,31.96,5.46,0.68,38.62,39.71,2.01,219.0,97.0,63.0,3.49
Mature,Poor,36.23,27.11,8.99,5.87,0.3,34.85,8.69,1.92,181.0,172.0,126.0,4.0
Harvest,Medium,17.34,40.99,6.44,5.27,0.33,12.04,25.57,2.5,196.0,88.06,76.45,3.0
Young,Medium,5.18,20.14,35.47,6.28,0.74,20.89,9.41,5.1,193.0,155.0,108.4,2.52
Harvest,Rich,14.17,13.05,39.99,6.14,0.67,35.03,32.09,2.13,176.84,145.84,74.19,5.45
Mature,Medium,36.64,6.35,11.03,6.08,0.32,21.26,25.51,2.47,188.29,135.0,50.99,6.0
Harvest,Medium,31.99,27.94,49.5,5.65,0.78,12.93,15.21,3.86,209.55,169.17,117.55,3.73
Young,Rich,8.54,12.27,26.7,5.94,0.85,30.49,18.57,2.43,136.0,99.48,39.04,3.17
Harvest,Medium,21.54,7.97,15.65,5.88,0.62,45.46,10.72,2.2,162.13,97.0,44.09,2.0
Mature,Rich,35.93,21.9,32.69,5.97,0.6,39.69,15.69,3.92,142.39,65.89,72.16,2.0
Young,Rich,32.56,25.61,45.69,5.13,0.3,15.97,8.46,3.08,196.17,82.0,101.51,3.45
Harvest,Medium,23.13,36.02,32.44,5.62,0.81,12.8,17.43,4.19,129.02,164.0,70.1,5.71
Harvest,Medium,22.45,27.18,11.33,5.06,0.51,29.89,13.58,5.42,191.0,108.52,45.0,4.87
Mature,Medium,18.42,38.55,37.99,5.74,0.87,28.45,37.17,2.15,188.0,90.0,68.0,3.27
Young,Rich,9.43,13.95,34.03,5.49,0.54,24.09,19.91,5.43,213.9,73.0,61.29,5.87
Harvest,Medium,23.04,37.89,24.98,5.22,0.67,36.1,25.13,5.38,99.83,110.0,39.49,3.6
Young,Medium,12.89,37.9,46.02,5.16,0.48,29.03,37.96,5.07,174.0,141.47,88.0,3.0
Harvest,Poor,43.03,8.66,13.16,5.88,0.4,18.9,7.38,4.21,181.0,83.0,49.61,3.59
Young,Poor,17.37,25.44,9.7,5.26,0.8,32.32,20.23,4.17,209.8,147.05,65.16,2.69
Harvest,Rich,16.85,5.7,15.21,6.39,0.62,10.92,44.26,4.25,205.1,129.65,97.0,6.0
Harvest,Poor,42.95,46.19,41.02,5.87,0.65,6.71,31.84,4.47,152.0,151.11,104.99,3.0
Harvest,Medium,44.14,41.82,38.33,5.52,0.93,37.74,27.85,1.57,153.0,78.12,62.97,4.56
Mature,Rich,32.43,49.94,9.22,5.89,0.93,33.84,41.48,5.62,86.77,129.82,69.0,3.0
Mature,Medium,26.39,48.5,28.2,5.03,0.86,34.59,25.3,4.02,215.99,64.91,61.0,6.0
Young,Rich,32.48,7.06,39.66,6.44,0.42,14.57,20.68,4.86,101.0,93.0,126.08,4.5
Mature,Rich,11.0,36.29,28.24,5.72,0.69,37.11,14.19,3.12,175.96,142.51,56.0,3.85
Young,Poor,18.33,46.13,48.59,6.17,0.87,46.96,11.79,1.55,187.0,130.0,55.67,2.36
Young,Poor,32.72,39.98,31.61,5.12,0.54,9.34,45.98,3.69,131.0,69.55,80.0,5.59
Harvest,Rich,22.14,12.76,6.02,5.73,0.37,45.48,23.65,3.68,93.79,161.0,56.23,4.0
Mature,Poor,33.81,39.28,5.15,5.74,0.83,21.69,24.5,3.38,90.0,51.26,53.26,3.0
Mature,Rich,21.46,29.76,14.97,6.41,0.61,5.12,45.75,2.96,197.04,124.95,47.73,5.49
Young,Rich,31.86,46.0,8.51,5.86,0.67,6.56,32.87,2.57,142.0,177.8,97.26,2.03
Young,Medium,47.67,10.94,26.78,5.71,0.94,48.03,23.41,3.77,74.0,116.28,94.7,3.12
Young,Poor,37.3,47.19,43.4,5.4,0.69,17.25,23.85,3.11,174.72,152.89,98.0,4.0
Harvest,Poor,28.02,49.88,35.86,5.5,0.58,30.8,15.16,5.67,100.03,125.0,109.37,3.23
Harvest,Medium,24.78,43.53,6.79,5.78,0.54,31.68,46.96,2.24,200.22,150.5,69.0,4.0
Mature,Medium,18.48,35.02,33.83,5.66,0.57,6.26,44.04,2.87,110.0,133.16,122.58,2.91
Harvest,Rich,24.11,11.07,37.04,5.03,0.38,15.88,24.54,2.76,92.0,138.0,105.72,2.35
Harvest,Rich,17.6,27.52,44.6,6.24,0.82,27.68,5.95,3.84,74.0,75.0,112.0,1.95
Mature,Rich,13.86,15.59,6.84,6.34,0.84,10.7,25.49,3.65,142.0,145.0,105.0,2.0
Young,Medium,46.17,34.83,13.24,5.21,0.48,30.9,31.44,4.27,132.12,76.0,71.62,6.0
Mature,Rich,22.83,35.45,36.92,5.83,0.5,9.11,46.97,5.59,180.0,177.0,64.76,4.0
Young,Medium,6.28,29.46,22.24,5.16,0.87,14.24,19.55,2.73,134.34,75.0,77.0,3.85
Mature,Poor,17.92,43.67,49.99,6.01,0.32,34.41,37.23,4.48,115.01,76.19,48.0,3.41
Young,Rich,17.37,13.06,23.51,5.42,0.64,17.55,44.32,1.61,101.86,160.78,80.0,5.0
Mature,Rich,45.79,37.22,38.79,5.99,0.6,35.54,47.63,2.63,104.0,77.05,43.0,2.39
Mature,Medium,27.48,15.22,32.81,6.09,0.75,44.51,47.12,3.49,208.46,93.08,39.0,2.96
Harvest,Poor,40.72,47.84,48.9,6.15,0.41,7.04,6.19,1.63,86.41,141.0,124.0,4.55
Harvest,Medium,38.61,9.34,39.95,5.16,0.73,38.45,44.59,4.16,218.0,65.59,101.73,4.0
Harvest,Medium,27.7,43.32,48.95,6.37,0.54,20.83,15.38,4.42,112.31,66.0,90.13,5.0
Mature,Medium,43.45,41.8,8.94,5.35,0.7,6.99,46.29,4.71,74.0,110.14,70.04,5.57
Young,Medium,9.29,16.05,29.81,5.06,0.33,6.25,26.94,3.72,100.0,77.0,91.0,5.0
Harvest,Poor,20.33,49.39,9.3,5.83,0.6,34.44,33.81,4.1,69.0,76.05,120.0,3.0
Mature,Rich,14.91,33.01,13.52,5.56,0.64,24.53,23.42,3.2,186.4,45.0,98.37,2.18
Harvest,Poor,9.23,45.8,34.17,6.24,0.44,9.33,25.96,1.68,142.0,94.38,93.83,2.51
Harvest,Rich,42.79,15.04,47.33,6.21,0.39,18.13,31.84,1.93,113.92,87.28,81.0,5.0
Harvest,Rich,37.0,39.34,7.49,5.48,0.42,48.41,13.3,4.32,166.0,48.24,70.0,5.64
Mature,Medium,27.01,21.74,26.58,6.43,0.52,31.38,16.69,5.78,160.9,128.49,103.0,5.69
Young,Medium,37.83,6.83,16.29,5.44,0.36,35.03,34.3,1.57,210.0,129.23,128.0,3.0
Young,Rich,27.72,13.25,41.46,5.77,0.92,18.03,34.42,3.9,213.8,53.63,78.0,5.0
Harvest,Medium,15.83,21.52,21.59,5.38,0.56,45.51,29.78,4.73,168.91,87.0,75.0,4.0
Harvest,Medium,24.62,36.76,39.03,6.4,0.83,49.49,43.7,5.06,191.0,163.0,78.0,5.26
Harvest,Medium,6.12,24.13,29.38,5.25,0.93,10.0,25.82,3.84,186.79,123.17,78.0,4.1
Young,Rich,46.3,20.98,15.36,5.07,0.35,16.48,24.79,4.17,138.61,100.03,129.0,2.0
Young,Rich,28.77,46.32,37.78,5.65,0.72,24.69,14.44,4.5,172.71,107.25,103.0,2.0
Young,Medium,31.86,34.94,8.72,6.49,0.87,49.69,40.65,5.19,72.52,72.33,71.69,5.82
Mature,Rich,32.58,32.14,35.13,6.34,0.71,36.08,18.57,2.03,181.28,154.0,72.81,4.0
Young,Poor,31.73,34.78,5.08,6.12,0.58,47.49,21.28,5.48,213.89,168.0,78.2,3.27
Mature,Poor,30.04,7.88,33.35,6.34,0.58,36.3,35.69,1.61,73.6,168.0,42.0,3.0
Young,Poor,23.48,30.48,11.93,6.34,0.32,44.11,46.42,5.1,194.0,74.0,87.0,3.0
Harvest,Rich,19.99,12.36,8.26,5.78,0.65,32.25,7.73,1.83,209.28,86.26,112.84,5.77
Harvest,Medium,18.04,35.97,21.74,5.47,0.95,11.52,33.4,2.34,96.0,66.0,99.0,2.0
Mature,Medium,13.06,12.83,6.14,6.16,0.92,29.03,24.36,1.52,144.0,86.0,57.0,2.0
Harvest,Medium,12.92,34.47,36.29,5.99,0.33,37.97,19.29,3.41,208.46,89.26,105.25,5.12
Harvest,Rich,43.34,15.63,43.6,5.56,0.76,7.54,24.57,2.94,214.0,130.0,104.0,4.0
Mature,Poor,13.57,44.93,15.87,5.14,0.5,43.42,49.9,2.21,80.0,69.79,63.0,2.34
Harvest,Medium,34.2,18.71,22.41,6.12,0.89,13.86,11.35,3.44,115.84,169.04,95.68,1.94
Mature,Rich,47.72,27.02,34.54,5.39,0.33,5.44,20.87,3.23,171.7,58.02,94.6,2.74
Young,Poor,36.44,23.64,8.73,6.41,0.91,43.86,15.07,4.8,95.45,44.94,115.42,3.0
Young,Rich,36.26,15.64,45.64,5.36,0.84,28.0,39.66,5.34,111.96,160.0,51.0,1.86
Harvest,Poor,44.91,20.03,24.78,5.18,0.38,10.57,49.23,4.31,63.73,140.0,57.0,3.0
Young,Medium,36.39,43.88,39.25,6.25,0.34,6.35,28.53,2.03,84.56,92.0,83.22,4.9
Young,Rich,39.09,27.66,26.98,5.23,0.84,35.88,29.98,2.77,149.97,125.0,43.02,5.0
Young,Poor,7.22,18.89,17.77,5.27,0.4,28.2,23.33,5.43,164.0,74.4,76.82,6.0
Harvest,Medium,47.85,18.95,45.09,5.9,0.65,22.44,34.18,1.88,164.0,66.9,110.73,3.0
Harvest,Rich,11.55,32.37,15.72,6.31,0.9,5.47,23.94,3.25,185.0,108.08,53.0,3.14
Harvest,Rich,14.44,34.07,10.42,5.29,0.67,21.55,40.87,5.55,126.0,92.03,80.86,6.0
Harvest,Poor,39.59,38.08,42.61,5.47,0.56,36.64,13.77,5.59,104.0,128.0,129.0,5.03
Mature,Rich,48.22,23.61,45.52,6.17,0.59,17.83,29.91,3.27,62.49,73.67,85.04,4.06
Mature,Medium,9.81,41.77,7.05,6.46,0.34,44.08,45.01,4.37,93.0,134.0,84.35,3.0
Harvest,Rich,47.62,19.97,7.15,5.75,0.93,49.74,32.58,3.46,109.98,148.29,90.0,3.15
Young,Poor,47.58,35.84,24.79,5.22,0.5,33.28,48.24,4.74,88.51,66.66,55.93,3.96
Mature,Medium,41.88,8.06,8.52,5.02,0.42,23.03,42.58,1.64,63.0,49.96,52.0,4.08
Harvest,Poor,24.78,42.99,29.2,5.34,0.49,34.38,13.91,2.12,85.0,103.78,100.64,2.0
Mature,Medium,34.42,16.76,5.65,5.2,0.93,48.18,47.54,4.14,167.0,149.27,75.0,6.0
Harvest,Rich,11.0,18.84,19.33,6.02,0.36,49.0,35.44,2.5,160.73,133.0,65.38,4.0
Young,Rich,47.76,11.45,9.61,5.18,0.86,27.01,15.76,4.36,209.71,139.0,41.86,4.27
Young,Medium,28.07,8.68,34.87,5.76,0.76,18.34,30.26,3.01,188.0,99.0,116.0,3.0
Mature,Medium,36.4,41.13,20.86,6.04,0.84,15.36,19.66,5.31,150.84,75.95,41.94,5.01
Mature,Rich,11.46,41.01,46.87,5.87,0.93,39.62,15.96,5.02,82.0,116.0,107.0,4.9
Mature,Rich,22.76,18.11,43.99,5.3,0.85,41.67,38.07,3.62,150.0,72.0,73.76,2.2
Harvest,Rich,47.36,33.11,28.5,6.21,0.91,7.45,46.32,4.82,69.86,142.77,93.48,4.0
Mature,Rich,17.64,22.34,28.73,6.07,0.38,47.22,29.04,2.67,128.94,71.0,61.54,4.56
Mature,Poor,37.02,34.67,5.77,6.11,0.82,23.66,47.0,3.63,122.0,84.0,53.14,5.31
Mature,Rich,20.87,27.77,49.93,5.2,0.65,41.85,18.84,2.35,128.0,112.89,87.54,2.67
Mature,Rich,10.08,44.26,27.32,5.19,0.65,30.88,15.14,5.2,104.77,110.0,102.3,5.49
Mature,Poor,25.14,24.73,30.79,6.39,0.88,40.14,49.98,5.04,169.73,125.72,57.0,3.74
Young,Medium,32.87,18.88,29.18,5.6,0.93,12.27,21.52,5.38,194.55,103.0,78.71,2.21
Mature,Rich,16.42,13.25,40.82,5.45,0.76,32.31,8.76,5.27,182.96,169.0,79.46,2.24
Harvest,Poor,27.12,14.16,35.24,5.73,0.61,5.34,11.88,5.63,160.0,158.23,59.0,2.63
Mature,Medium,44.58,47.37,21.65,5.99,0.6,25.86,30.42,2.48,146.14,163.56,90.42,2.99
Young,Medium,23.09,6.58,7.49,6.43,0.55,34.24,35.2,5.51,64.97,130.0,52.28,4.0
Harvest,Medium,36.12,10.26,36.02,5.43,0.54,34.67,17.32,3.96,175.67,130.36,85.39,4.94
Mature,Medium,23.0,24.96,8.47,6.39,0.55,34.25,23.59,3.32,147.2,127.0,49.32,2.58
Mature,Medium,25.36,37.86,49.08,5.04,0.36,34.85,20.01,3.91,103.0,103.14,83.18,5.97
Harvest,Medium,10.65,37.47,48.78,5.83,0.35,35.67,36.15,2.97,112.0,88.0,67.36,2.0
Young,Medium,41.4,32.71,44.44,5.95,0.81,43.53,29.04,2.74,210.0,125.0,80.0,4.32
Young,Rich,31.32,23.71,25.15,5.16,0.59,18.65,22.35,2.54,159.9,47.0,78.0,5.7
Young,Poor,28.65,5.72,45.74,5.21,0.9,20.32,49.22,1.85,136.15,45.0,122.0,5.3
Mature,Rich,38.63,25.38,13.67,5.63,0.7,19.26,18.23,3.64,159.35,160.0,84.0,5.0
Harvest,Medium,27.12,41.31,42.85,6.45,0.32,7.5,29.93,5.32,126.2,50.31,113.48,4.81
Mature,Medium,30.99,30.91,20.75,5.89,0.4,43.37,25.79,4.21,135.23,115.0,59.53,2.36
Harvest,Medium,39.63,28.2,15.75,6.4,0.43,37.8,6.95,3.74,106.45,128.0,71.04,2.0
Mature,Poor,49.55,31.59,47.82,6.21,0.93,32.57,33.07,3.34,130.38,70.95,46.0,4.0
Harvest,Rich,36.39,17.31,25.14,5.7,0.44,45.93,18.87,3.5,170.0,166.0,77.29,2.18
Mature,Rich,27.16,42.9,18.66,6.18,0.64,41.53,40.08,2.4,66.39,70.0,99.85,3.0
Young,Rich,36.96,46.08,20.77,5.03,0.91,16.34,43.13,5.04,187.2,164.29,115.0,3.0
Young,Poor,14.84,49.67,6.66,5.16,0.94,41.04,37.95,2.35,105.28,148.0,90.0,6.0
Harvest,Medium,41.67,6.6,6.64,6.24,0.45,27.68,25.72,4.58,169.21,76.74,97.25,5.5
Mature,Medium,26.51,20.85,35.03,6.2,0.33,8.37,7.08,4.77,162.84,64.5,55.13,5.24
Young,Poor,26.25,28.63,37.14,5.35,0.4,12.31,36.6,3.97,164.0,87.0,42.39,4.8
Young,Poor,28.02,25.44,29.52,5.8,0.34,48.26,26.81,5.21,157.0,98.0,111.04,2.0
Harvest,Medium,43.97,34.15,22.43,5.91,0.43,17.35,27.0,2.75,213.0,77.43,54.2,2.0
Mature,Medium,5.5,34.01,46.65,6.3,0.67,42.54,24.63,5.29,141.34,180.0,47.3,4.55
Mature,Rich,30.0,19.69,18.22,5.9,0.89,15.88,5.85,4.64,177.17,75.0,124.32,4.0
Young,Rich,15.1,29.6,44.41,5.62,0.65,46.76,41.83,4.93,173.0,156.97,127.0,3.35
Mature,Poor,19.44,28.8,15.25,5.56,0.71,40.19,23.35,4.36,98.0,66.0,95.08,3.79
Mature,Rich,11.02,48.95,16.39,5.64,0.43,8.78,28.84,5.14,105.0,177.0,73.46,3.85
Harvest,Poor,10.87,9.05,27.05,5.98,0.82,21.63,24.92,5.77,127.84,74.67,114.82,2.81
Young,Medium,12.15,30.2,14.02,6.3,0.7,6.81,35.32,3.31,104.43,101.35,57.63,3.12
Mature,Rich,18.58,7.28,44.31,5.68,0.86,18.67,17.8,5.0,118.68,120.0,78.0,4.0
Mature,Poor,48.69,18.79,20.85,5.37,0.92,46.86,10.19,4.7,122.55,60.0,71.0,4.33
Young,Medium,15.76,45.4,5.03,5.35,0.53,32.54,29.1,3.45,156.62,155.09,122.0,5.81
Young,Poor,42.59,19.81,38.16,6.12,0.36,7.58,32.53,5.49,95.0,81.36,123.0,4.06
Harvest,Medium,6.86,29.75,11.62,6.22,0.45,10.84,28.32,3.2,188.69,119.0,98.0,5.0
Mature,Poor,33.04,34.04,7.19,5.16,0.58,33.87,26.88,3.93,130.0,118.75,49.08,5.19
Mature,Poor,38.71,34.65,15.24,5.1,0.91,36.1,22.75,1.96,173.0,126.0,83.0,2.0
Mature,Medium,31.66,29.82,32.58,5.89,0.55,12.82,29.35,2.47,73.03,51.55,61.0,4.54
Harvest,Poor,7.17,29.07,7.49,5.22,0.8,8.91,30.9,5.11,135.19,67.0,119.53,4.0
Young,Poor,32.65,14.9,31.91,6.24,0.65,13.12,47.78,3.21,65.0,65.92,51.59,4.2
Young,Rich,41.12,49.37,10.7,5.47,0.42,30.5,46.13,3.19,168.0,85.08,43.94,1.96
Mature,Medium,38.64,27.37,9.81,5.22,0.51,16.46,18.79,2.56,114.99,64.0,103.1,5.61
Mature,Rich,47.66,29.4,28.72,6.38,0.72,23.89,11.87,3.61,212.0,169.38,80.25,5.8
Mature,Poor,41.06,43.48,7.91,5.25,0.74,27.1,38.49,4.97,112.0,114.0,115.0,1.81
Mature,Poor,7.19,8.04,14.37,5.43,0.58,33.16,38.11,5.35,150.0,128.81,45.79,2.69
Mature,Medium,42.81,39.04,41.38,5.23,0.45,26.29,19.28,1.8,101.18,93.0,111.9,2.56
Mature,Poor,9.82,29.13,32.08,5.17,0.77,14.03,31.03,3.97,159.22,81.57,42.4,5.08
Young,Poor,32.55,18.14,11.97,5.03,0.41,13.91,24.54,3.51,135.0,112.43,41.55,4.31
Harvest,Medium,29.68,7.69,13.34,5.08,0.91,45.93,16.09,4.14,119.3,84.0,81.0,3.0
Harvest,Rich,26.16,44.25,45.94,5.26,0.42,38.52,16.11,3.42,93.0,91.0,59.0,5.22
Mature,Poor,49.01,37.7,20.72,5.08,0.37,25.62,36.69,3.21,78.0,106.0,93.03,3.28
Harvest,Poor,35.52,21.77,24.22,5.89,0.62,17.44,32.64,3.53,79.18,112.78,41.0,3.74
Young,Medium,42.99,31.64,23.02,6.02,0.64,28.65,38.76,4.0,220.0,177.87,42.22,3.43
Young,Medium,47.28,25.59,45.19,5.59,0.63,44.34,21.63,3.65,125.97,74.37,105.0,4.0
Harvest,Poor,37.76,36.54,37.12,5.48,0.58,18.44,11.56,3.53,60.0,110.0,58.13,4.0
Mature,Rich,7.73,35.8,45.16,5.76,0.95,43.19,21.15,5.02,212.0,64.33,98.73,2.95
Young,Poor,45.93,45.7,39.75,6.31,0.62,7.86,8.36,4.71,63.2,91.6,107.0,4.0
Young,Poor,36.67,49.25,18.74,6.28,0.61,18.92,23.86,2.97,126.97,142.0,44.4,6.0
Mature,Rich,9.22,38.46,30.33,5.07,0.57,35.26,43.43,4.94,174.8,67.73,109.0,3.91
Harvest,Poor,47.17,30.08,38.49,5.27,0.34,39.72,9.68,5.17,206.34,123.06,63.0,6.0
Mature,Rich,13.89,49.49,6.28,5.36,0.69,10.11,17.69,2.16,174.0,100.67,74.45,4.0
Young,Medium,32.08,26.98,38.17,5.37,0.45,34.14,32.58,4.01,134.0,51.0,46.88,5.03
Mature,Poor,25.08,47.78,23.7,5.86,0.71,9.41,46.4,2.73,216.0,170.9,115.0,3.0
Mature,Rich,39.91,42.42,21.89,5.62,0.33,32.45,38.88,4.68,66.0,100.25,90.0,5.12
Harvest,Poor,19.17,26.35,20.37,5.07,0.94,45.36,32.37,2.53,218.0,151.0,85.0,2.91
Young,Rich,7.12,12.44,47.96,5.56,0.6,11.14,47.8,4.39,196.0,100.62,127.0,2.0
Young,Medium,24.56,15.23,14.25,5.79,0.88,27.92,10.47,2.6,208.63,171.48,69.0,2.48
Mature,Poor,49.98,25.43,34.38,5.15,0.61,24.11,9.2,3.7,100.76,83.5,120.0,1.89
Harvest,Poor,23.76,29.22,42.93,6.25,0.34,36.7,38.45,5.58,82.79,100.0,104.49,6.0
Harvest,Rich,33.93,32.3,33.61,5.08,0.83,13.24,8.99,3.14,166.13,147.0,123.5,6.0
Young,Rich,44.52,22.82,13.05,6.39,0.72,49.26,10.78,5.27,142.54,90.74,122.0,5.0
Young,Rich,29.11,12.41,46.89,5.15,0.81,28.97,9.57,5.74,143.71,93.55,129.18,2.0
Mature,Medium,25.43,42.41,35.92,6.27,0.58,30.5,41.49,5.26,207.94,179.3,50.98,6.0
Mature,Medium,11.03,42.53,10.25,6.35,0.71,35.79,24.95,2.21,159.21,119.56,111.44,4.92
Young,Rich,47.01,14.53,37.72,6.47,0.86,45.19,44.56,5.02,110.0,137.76,112.21,3.2
Young,Medium,34.21,19.04,14.47,6.2,0.71,23.81,45.79,1.64,124.01,131.51,97.64,3.91
Harvest,Poor,20.88,6.9,28.71,6.17,0.53,13.67,25.86,3.19,81.0,156.6,64.38,4.58
Harvest,Medium,12.17,5.5,45.87,5.96,0.73,32.49,48.11,5.24,90.77,161.21,126.83,2.0
Mature,Poor,38.05,18.8,49.57,6.17,0.74,6.35,23.03,4.46,83.0,120.6,57.6,3.91
Young,Medium,33.15,10.86,39.92,5.2,0.92,29.87,36.4,3.79,189.65,84.06,84.46,4.88
Harvest,Rich,41.91,49.7,44.91,5.8,0.54,41.91,25.37,3.17,172.78,47.1,86.46,3.0
Mature,Medium,38.27,43.26,48.25,5.77,0.58,40.62,30.7,4.99,144.86,127.56,53.73,3.66
Harvest,Poor,23.82,6.14,23.15,6.29,0.83,47.0,36.9,4.55,120.0,156.0,105.0,4.04
Mature,Rich,40.78,48.02,28.76,5.69,0.63,23.99,46.89,3.51,166.96,105.27,47.09,4.89
Harvest,Rich,8.34,32.48,19.06,5.58,0.78,28.15,20.9,5.34,190.0,66.0,102.07,6.0
Young,Medium,27.74,34.68,39.54,5.96,0.6,10.28,30.99,2.49,201.0,83.18,116.22,5.36
Mature,Medium,35.28,14.98,12.38,5.4,0.44,5.61,10.11,2.23,148.0,113.36,70.8,4.41
Young,Medium,22.32,32.73,32.37,5.21,0.78,37.49,8.4,4.26,191.18,157.79,103.56,4.0
Harvest,Poor,14.25,30.99,29.06,5.72,0.39,14.3,14.08,5.68,142.0,67.36,53.27,4.33
Harvest,Poor,20.06,28.45,34.8,5.63,0.43,47.14,47.2,2.56,135.92,127.25,115.98,4.09
Mature,Medium,40.48,34.36,21.66,5.35,0.71,35.62,44.7,2.57,198.0,146.46,126.0,2.05
Mature,Medium,23.1,16.12,18.77,5.55,0.79,21.34,40.35,2.1,122.0,171.3,53.0,4.73
Mature,Medium,10.51,5.72,27.32,5.55,0.88,22.68,9.22,5.2,123.35,59.87,101.96,4.81
Harvest,Medium,7.34,34.07,43.77,5.49,0.48,24.65,13.2,2.47,109.0,169.99,85.03,3.95
Mature,Poor,8.84,42.16,46.23,5.57,0.37,12.57,44.83,3.66,142.99,126.0,87.37,5.46
Young,Poor,27.72,37.34,34.48,6.03,0.92,15.26,9.41,5.76,147.18,148.27,103.29,5.0
Young,Rich,17.65,23.4,5.32,5.45,0.4,11.94,37.61,1.55,165.67,51.0,83.48,3.0
Young,Medium,18.4,11.25,19.99,6.42,0.43,28.14,47.8,3.89,128.88,113.0,93.63,2.0
Mature,Medium,39.2,26.61,8.95,6.37,0.49,26.98,38.64,3.7,94.85,129.0,60.01,2.05
Harvest,Medium,49.84,26.8,28.87,5.72,0.64,34.37,34.93,4.97,199.0,86.0,73.44,3.0
Mature,Poor,11.65,5.09,14.14,5.49,0.87,34.18,27.63,3.03,115.0,102.7,118.0,3.74
Young,Rich,19.02,26.56,6.13,5.8,0.79,27.26,34.91,3.26,207.67,119.0,49.0,2.5
Young,Poor,37.74,13.57,39.42,6.27,0.76,41.61,49.02,2.22,93.18,119.0,93.38,2.6
Young,Medium,48.98,35.88,21.64,5.98,0.41,36.29,23.66,4.69,149.61,49.69,55.77,3.0
Young,Medium,34.23,37.51,10.23,6.21,0.53,41.47,26.58,4.87,146.0,104.0,116.04,5.0
Harvest,Medium,45.84,19.55,44.67,5.8,0.61,30.29,26.95,2.09,192.58,73.0,91.69,5.04
Harvest,Poor,23.65,47.55,30.13,5.95,0.4,32.78,46.32,3.19,82.22,168.67,76.0,3.41
Mature,Medium,6.72,46.13,10.31,5.43,0.48,19.7,22.1,5.34,206.0,177.0,61.73,2.52
Harvest,Rich,22.41,40.77,11.5,6.1,0.5,24.75,41.99,1.51,145.03,85.0,78.75,2.27
Young,Poor,25.54,26.36,34.35,5.3,0.38,41.54,27.15,2.78,154.0,67.83,126.14,2.0
Mature,Rich,21.73,21.55,42.01,6.04,0.66,13.19,44.86,3.89,142.0,73.85,85.34,3.44
Mature,Poor,32.38,18.27,45.6,6.29,0.76,8.25,21.24,2.94,65.76,109.0,82.0,1.99
Mature,Medium,24.53,40.94,11.64,5.2,0.35,40.35,37.99,2.67,139.53,163.0,106.91,3.2
Mature,Medium,32.63,8.7,40.76,5.92,0.61,32.41,41.22,3.48,102.17,112.0,73.0,5.84
Mature,Rich,29.62,12.06,35.73,5.14,0.81,28.8,45.0,2.28,114.83,51.53,77.9,3.93
Harvest,Medium,39.44,16.54,49.8,6.09,0.79,48.83,25.02,3.78,163.86,49.0,70.0,5.0
Young,Poor,13.82,13.59,22.71,5.13,0.83,20.05,45.31,4.54,139.63,75.0,53.0,2.34
Young,Medium,42.31,15.83,38.8,6.4,0.59,28.65,28.26,3.97,74.91,158.62,103.96,3.0
Young,Poor,14.79,28.68,6.52,5.21,0.83,47.43,23.33,1.9,72.0,128.52,118.45,6.0
Harvest,Medium,48.5,15.83,6.69,6.44,0.46,45.87,21.34,5.13,89.71,120.56,121.41,3.0
Harvest,Medium,32.22,16.98,24.35,6.2,0.53,47.14,14.77,2.25,90.54,87.0,119.0,4.52
Harvest,Medium,38.74,42.79,8.88,5.89,0.41,32.29,43.79,4.79,157.0,170.0,80.0,5.9
Harvest,Poor,42.12,41.58,39.21,6.17,0.6,44.55,19.33,3.05,88.0,89.0,64.85,4.11
Mature,Rich,24.88,27.69,18.9,6.19,0.55,47.23,14.98,4.87,201.0,157.55,97.05,3.0
Mature,Medium,11.28,18.13,32.24,6.42,0.46,23.31,10.7,2.39,94.0,165.84,125.88,4.03
Young,Poor,46.33,32.19,14.11,5.38,0.79,36.59,7.82,2.3,75.0,110.0,105.0,2.0
Young,Poor,49.42,11.96,21.95,5.89,0.5,19.71,26.39,3.64,200.0,165.62,84.03,2.27
Mature,Poor,32.77,16.04,28.94,5.14,0.48,7.13,49.75,1.64,107.25,82.0,102.0,1.83
Mature,Poor,20.81,34.99,25.34,5.92,0.39,38.1,36.79,2.47,128.0,134.0,109.3,5.51
Mature,Rich,15.6,5.68,5.56,5.26,0.59,19.05,12.43,4.61,213.44,56.0,123.0,4.62
Young,Medium,16.0,6.59,41.89,5.85,0.5,5.18,47.54,5.1,211.1,108.46,108.0,3.0
Harvest,Medium,16.39,29.3,41.78,5.86,0.54,23.86,23.62,1.85,174.0,73.56,78.42,2.73
Harvest,Medium,39.45,10.2,7.92,5.7,0.45,20.81,7.4,5.29,71.0,53.0,64.0,5.0
Young,Medium,5.97,5.65,8.73,5.78,0.8,31.86,30.35,4.93,154.93,44.51,84.49,5.66
Young,Poor,25.79,14.64,22.43,6.15,0.9,12.27,16.09,5.24,218.25,88.17,69.0,3.06
Young,Rich,7.53,37.04,13.5,6.2,0.62,6.85,10.19,4.5,212.0,124.18,125.0,3.0
Mature,Rich,20.14,11.78,40.4,5.74,0.72,40.72,27.19,4.4,76.96,106.0,85.22,5.39
Mature,Rich,7.11,20.09,41.0,5.9,0.86,8.31,6.06,3.76,123.35,85.0,81.96,5.55
Young,Rich,45.39,31.93,38.04,6.4,0.95,6.23,28.05,4.31,110.49,178.8,70.69,5.64
Mature,Medium,26.64,31.84,27.03,5.18,0.7,49.43,22.68,5.45,81.0,172.0,97.19,3.0
Young,Rich,22.41,7.33,14.41,5.18,0.88,10.43,18.81,1.93,171.0,61.09,86.0,2.0
Young,Medium,32.05,49.6,36.72,5.13,0.89,47.08,35.51,2.86,104.0,100.45,50.74,3.65
Mature,Rich,24.57,37.61,15.12,5.99,0.81,40.89,41.71,1.81,115.18,132.24,118.1,3.0
Harvest,Medium,7.48,40.31,7.93,5.63,0.6,10.43,47.67,5.56,74.0,143.75,71.67,5.51
Harvest,Poor,45.31,14.44,41.22,6.16,0.35,19.92,34.94,3.41,140.0,94.0,78.36,2.0
Mature,Rich,49.27,23.1,9.17,6.01,0.31,49.41,22.58,4.4,85.31,145.49,57.72,4.46
Harvest,Medium,34.73,31.63,32.42,5.5,0.61,43.37,39.76,5.12,129.13,60.88,89.0,6.0
Harvest,Rich,21.49,35.44,49.54,6.35,0.62,21.49,39.09,5.76,82.93,89.0,102.89,5.9
Harvest,Rich,6.08,17.44,39.31,6.14,0.56,5.43,25.16,2.2,213.0,141.0,119.19,4.53
Mature,Medium,41.1,23.6,18.49,5.41,0.67,30.04,33.03,4.94,83.0,129.0,43.7,5.79
Mature,Medium,32.86,43.55,19.37,5.55,0.66,32.94,5.44,5.32,144.0,157.86,127.57,2.12
Young,Medium,7.93,18.62,32.03,5.47,0.84,5.65,21.06,1.71,91.52,50.37,103.05,3.0
Mature,Rich,13.63,18.26,12.29,5.24,0.37,16.47,13.53,4.74,72.0,68.0,65.0,2.0
Young,Medium,25.68,29.63,24.26,5.22,0.45,28.56,20.44,3.03,92.37,50.6,58.0,6.0
Harvest,Medium,17.75,23.73,24.21,6.4,0.82,22.64,42.46,4.29,68.76,70.13,65.94,5.59
Mature,Rich,19.22,10.2,33.97,5.66,0.85,26.4,23.43,3.71,82.0,45.0,118.69,1.92
Mature,Rich,25.69,34.34,6.72,5.57,0.95,7.81,10.7,2.62,138.96,113.0,65.52,2.0
Harvest,Rich,30.36,36.55,44.93,6.09,0.87,12.86,8.53,2.08,164.29,115.85,81.12,3.34
Young,Rich,43.9,35.26,23.6,5.83,0.88,39.48,43.9,2.0,73.97,133.47,103.0,3.0
Harvest,Rich,16.92,24.68,33.06,6.4,0.5,23.54,6.04,1.94,130.56,96.0,118.0,5.0
Harvest,Rich,19.87,16.25,29.23,6.17,0.56,46.2,29.55,4.24,153.0,44.44,99.0,2.47
Mature,Rich,41.73,45.25,41.0,5.72,0.47,30.91,35.21,3.01,97.48,136.0,108.0,5.12
Harvest,Medium,17.84,22.24,42.25,5.56,0.69,33.91,16.37,2.43,120.0,51.38,55.0,4.13
Harvest,Medium,8.66,9.63,7.18,6.48,0.91,19.39,24.9,4.48,71.0,162.0,118.84,3.39
Harvest,Medium,33.54,44.37,16.36,6.08,0.52,15.19,19.03,4.45,95.0,47.0,64.0,2.41
Harvest,Poor,39.83,20.46,24.82,6.43,0.66,16.26,46.21,3.82,135.0,116.0,51.0,5.99
Young,Medium,34.62,14.58,30.81,5.18,0.49,17.96,9.85,5.52,218.47,166.0,128.0,4.4
Mature,Rich,19.88,24.51,35.12,6.28,0.41,9.19,17.11,3.16,219.4,121.86,57.35,3.65
Young,Poor,25.48,22.62,22.67,5.96,0.43,12.34,30.39,5.09,217.0,127.0,51.0,3.36
Harvest,Medium,20.37,20.78,26.88,5.18,0.34,30.89,30.17,1.82,128.0,136.7,95.97,6.0
Young,Poor,49.22,13.41,47.56,5.88,0.92,26.67,33.94,4.68,72.91,60.65,68.02,5.25
Mature,Poor,44.4,41.6,48.61,6.03,0.56,24.42,23.9,5.75,111.77,135.79,51.13,5.0
Harvest,Rich,13.16,29.54,33.03,5.02,0.84,7.87,17.59,5.14,98.0,163.73,93.7,4.0
Young,Medium,18.79,11.36,34.71,5.68,0.74,13.26,20.67,3.99,62.26,176.49,108.07,5.53
Young,Rich,13.16,46.91,35.04,6.24,0.42,31.6,27.88,4.2,75.24,104.26,111.18,3.06
Harvest,Medium,48.87,36.59,24.25,5.44,0.41,5.84,12.83,3.02,132.51,90.85,53.0,4.76
Young,Poor,22.97,20.76,46.23,5.69,0.83,31.72,18.63,4.42,114.35,146.0,89.67,4.0
Young,Medium,18.73,13.18,26.15,5.66,0.47,38.06,14.56,4.81,88.86,117.83,113.04,4.32
Harvest,Poor,9.28,35.91,26.05,5.45,0.89,35.07,20.72,5.79,175.0,79.0,53.66,5.99
Mature,Poor,26.25,32.74,32.84,6.38,0.39,48.68,9.59,3.62,117.0,67.0,57.9,5.94
Harvest,Medium,40.79,34.52,36.33,6.17,0.74,48.58,18.77,1.76,196.0,67.0,39.0,3.95
Harvest,Poor,11.85,39.76,47.91,5.17,0.83,42.86,29.82,4.06,98.56,106.45,87.0,4.21
Mature,Rich,25.28,10.37,20.85,6.5,0.45,30.96,30.88,2.01,146.14,67.0,56.72,6.0
Mature,Poor,15.17,21.82,32.31,6.32,0.48,36.23,29.89,2.55,89.46,46.68,104.91,6.0
Mature,Medium,32.59,48.9,14.54,5.43,0.93,28.98,47.19,2.91,139.25,51.08,127.0,5.07
Young,Medium,19.52,29.21,45.77,6.26,0.47,23.34,16.06,4.64,84.39,170.46,58.0,2.07
Mature,Poor,46.51,44.21,33.04,5.16,0.58,37.25,9.34,2.29,85.85,54.0,98.0,3.0
Young,Medium,32.56,19.33,5.39,6.5,0.58,24.98,18.61,2.21,157.96,54.0,58.0,6.0
Young,Rich,33.17,28.98,44.55,6.0,0.46,33.55,21.2,1.69,102.21,105.36,40.64,5.0
Mature,Poor,12.58,24.04,15.62,5.98,0.8,5.38,43.01,5.25,87.58,77.33,108.03,4.92
Mature,Poor,20.71,40.04,41.91,5.14,0.8,36.91,23.44,4.48,209.0,174.93,78.0,4.61
Harvest,Rich,15.82,5.34,6.54,6.35,0.55,27.52,49.18,1.67,66.88,167.89,125.16,3.54
Harvest,Medium,36.46,36.9,6.75,5.04,0.84,17.62,27.61,1.62,150.42,99.05,88.0,3.0
Mature,Medium,14.14,14.71,31.16,5.36,0.44,35.16,23.05,3.9,148.0,105.03,53.33,5.2
Harvest,Poor,14.61,37.88,38.56,5.21,0.3,13.85,39.93,2.71,100.1,95.02,79.93,3.03
Young,Poor,42.53,38.08,30.41,6.17,0.67,35.15,30.17,4.07,132.0,49.15,57.46,4.68
Mature,Rich,19.07,17.71,34.56,5.3,0.95,23.16,20.92,3.37,74.04,83.83,118.9,4.85
Harvest,Rich,13.4,12.85,34.95,6.37,0.33,18.65,13.21,5.47,175.4,61.0,101.87,5.0
Young,Rich,41.2,44.76,40.51,5.98,0.44,20.15,48.58,2.74,95.0,58.0,70.05,3.14
Mature,Rich,40.54,37.28,14.08,5.05,0.64,17.99,18.66,4.42,90.94,120.28,87.03,4.92
Young,Rich,33.19,26.94,14.24,5.01,0.83,33.28,48.08,1.73,110.38,57.0,100.0,2.25
Young,Rich,49.53,11.14,33.62,5.08,0.36,32.6,22.19,5.61,204.38,58.0,110.0,2.38
Young,Medium,36.88,40.22,35.94,5.91,0.56,22.11,36.93,5.72,187.0,109.35,46.29,3.55
Young,Rich,11.92,14.04,22.9,6.2,0.79,17.25,15.9,4.68,212.0,104.15,41.0,2.03
Mature,Rich,19.74,45.85,36.57,5.36,0.54,14.41,24.56,3.5,164.31,62.72,49.42,5.78
Young,Poor,18.19,35.67,23.15,6.27,0.42,20.85,30.91,2.45,166.07,44.61,74.94,5.59
Harvest,Rich,33.38,41.33,27.95,5.09,0.43,18.09,24.44,4.99,136.8,70.0,81.47,2.01
Harvest,Poor,40.4,25.44,15.72,6.2,0.57,31.75,20.99,4.67,205.0,76.0,51.42,5.32
Harvest,Rich,17.85,11.91,35.12,6.39,0.61,38.09,21.11,2.45,142.0,153.0,76.41,3.94
Young,Rich,13.13,21.34,34.16,6.16,0.86,18.98,39.6,3.44,116.81,168.0,79.0,4.75
Mature,Medium,23.28,45.75,9.08,6.05,0.72,10.83,26.2,3.49,162.46,99.21,49.0,6.0
Mature,Rich,25.82,14.4,34.97,6.26,0.75,46.7,22.09,5.05,147.38,99.0,122.42,4.0
Young,Rich,45.96,31.67,43.72,5.06,0.94,9.21,45.47,4.44,79.84,141.0,93.52,2.29
Harvest,Rich,48.55,34.04,22.98,5.3,0.57,44.41,35.68,4.27,122.84,129.26,74.0,2.0
Mature,Poor,29.04,45.46,33.35,5.19,0.56,10.25,44.56,4.29,110.0,69.0,85.13,3.89
Mature,Medium,26.66,18.6,12.88,5.76,0.9,19.9,35.87,2.66,195.0,59.0,67.59,6.0
Young,Poor,40.77,35.81,26.54,6.12,0.46,13.15,37.91,3.1,120.61,103.52,116.74,4.0
Harvest,Poor,7.4,7.9,21.21,5.95,0.77,31.56,28.25,1.7,191.45,120.82,91.33,3.0
Harvest,Medium,45.87,40.11,48.93,6.28,0.79,16.01,22.47,4.88,130.78,62.86,84.04,1.93
Harvest,Poor,21.72,48.53,15.98,5.23,0.36,26.74,12.0,3.36,180.56,83.89,121.89,6.0
Young,Poor,32.39,9.01,28.33,6.1,0.6,35.14,44.04,3.38,81.65,86.0,115.0,3.17
Young,Medium,24.99,13.66,47.87,5.29,0.43,40.36,44.1,2.56,207.94,80.0,113.0,5.0
Young,Poor,46.47,30.95,32.91,5.41,0.42,24.14,8.13,2.4,136.89,107.0,59.53,5.0
Harvest,Medium,37.93,28.61,20.69,6.06,0.6,32.04,6.82,4.03,101.57,132.82,53.0,2.87
Young,Medium,33.91,27.12,23.21,6.47,0.49,49.74,43.41,2.5,98.64,113.28,102.0,2.07
Young,Rich,26.49,27.9,28.6,5.92,0.82,31.73,44.92,1.78,102.41,71.4,81.65,3.0
Mature,Rich,16.42,49.65,8.1,5.08,0.89,6.68,13.32,4.8,119.0,58.0,101.0,3.13
Mature,Poor,30.36,32.46,22.5,5.92,0.82,7.1,20.35,3.12,174.8,156.0,108.0,4.74
Young,Medium,43.64,49.55,21.35,5.06,0.47,13.2,39.02,3.14,211.94,109.19,65.87,5.0
Harvest,Medium,20.26,29.6,33.33,6.33,0.48,5.56,47.76,3.35,167.0,52.0,65.0,2.73
Mature,Medium,30.04,37.7,28.34,6.06,0.47,38.94,46.54,5.0,148.0,79.0,83.67,4.0
Young,Medium,18.01,38.0,30.1,5.26,0.39,32.92,33.28,2.88,131.78,153.35,63.89,1.97
Harvest,Medium,49.2,31.09,39.92,5.14,0.91,37.03,32.11,4.76,193.0,146.0,100.0,3.0
Harvest,Rich,31.39,30.62,9.75,5.28,0.56,38.43,34.98,5.54,195.95,163.0,106.95,5.0
Mature,Poor,10.26,39.97,34.69,6.47,0.45,7.06,32.58,4.34,106.89,126.0,82.0,5.13
Harvest,Rich,33.78,36.77,23.29,5.69,0.85,36.41,38.48,3.36,212.55,101.52,105.0,5.06
Mature,Poor,41.95,38.96,14.81,6.18,0.56,29.18,18.32,4.72,123.22,102.02,85.0,2.0
Harvest,Poor,5.38,24.2,11.65,5.95,0.32,29.72,24.78,3.47,188.0,70.38,104.0,4.0
Mature,Poor,32.03,46.02,30.6,5.86,0.41,37.96,26.08,3.28,214.69,133.0,59.0,3.58
Mature,Medium,12.57,46.22,38.24,5.22,0.72,46.28,27.99,3.76,172.59,124.0,106.23,5.96
Harvest,Medium,44.12,12.36,36.5,6.42,0.81,21.06,9.67,2.87,86.0,65.06,104.0,4.55
Harvest,Rich,26.66,35.53,27.08,5.45,0.44,27.73,40.62,1.95,153.78,164.45,63.0,5.73
Mature,Rich,43.36,33.07,21.51,5.87,0.9,25.27,20.02,3.28,79.0,94.0,89.59,2.0
Young,Medium,25.82,19.23,49.57,6.05,0.85,10.92,15.62,2.03,186.0,50.76,117.0,3.69
Young,Rich,48.79,32.65,9.9,5.97,0.85,5.34,37.1,3.26,105.01,89.0,62.0,5.04
Young,Poor,20.16,30.51,10.96,6.41,0.45,42.18,12.94,3.89,171.23,162.3,106.0,3.0
Mature,Poor,35.85,15.05,26.52,5.22,0.33,5.2,45.58,5.5,205.61,168.71,125.81,4.0
Mature,Poor,41.41,26.22,45.05,5.76,0.86,29.12,29.86,1.66,88.96,111.0,118.0,4.0
Young,Poor,46.56,24.11,44.8,5.61,0.5,43.9,8.03,4.17,122.86,174.0,76.0,5.97
Young,Medium,23.89,35.41,42.07,5.71,0.7,21.04,44.75,3.47,164.0,163.0,94.26,2.53
Mature,Poor,26.83,34.22,39.24,5.18,0.79,6.53,38.49,1.59,127.15,156.23,129.25,6.0
Young,Rich,46.98,19.5,20.0,5.2,0.38,13.74,20.99,2.57,88.0,160.92,91.0,3.0
Harvest,Medium,22.25,34.88,48.96,5.42,0.81,37.33,42.04,2.01,64.65,95.94,49.0,4.0
Harvest,Medium,16.54,19.91,48.49,5.46,0.91,34.57,17.3,2.43,125.06,146.88,43.0,4.02
Young,Poor,39.88,14.62,16.91,5.64,0.77,24.92,39.05,2.68,164.0,123.0,110.92,3.0
Young,Medium,5.53,34.46,44.28,5.92,0.59,33.11,29.11,3.23,151.84,142.0,77.55,6.0
Young,Medium,25.69,39.9,24.12,5.95,0.87,19.75,24.07,3.77,85.0,68.18,61.46,5.63
Mature,Poor,10.5,49.13,20.93,5.62,0.64,32.25,36.54,1.5,132.11,143.0,70.64,5.89
Young,Poor,21.76,24.68,9.47,5.61,0.78,17.38,5.02,2.2,119.0,174.23,107.92,5.99
Harvest,Rich,31.9,10.11,29.13,5.33,0.83,14.76,10.58,1.9,103.87,85.16,81.34,4.61
Young,Rich,45.36,16.26,23.82,5.88,0.79,24.8,18.82,3.86,176.68,178.12,118.03,3.7
Harvest,Poor,49.76,32.65,36.61,5.48,0.49,20.1,5.9,2.92,110.0,95.46,106.0,5.37
Young,Rich,8.11,26.98,9.74,5.05,0.38,38.72,34.69,3.86,146.42,71.16,128.0,1.9
Mature,Rich,49.62,12.51,29.68,5.63,0.45,17.97,48.29,2.45,208.0,59.27,120.0,5.0
Harvest,Medium,5.87,9.47,31.17,5.71,0.63,30.62,37.83,1.6,146.28,150.75,62.0,3.89
Harvest,Medium,47.52,44.88,22.63,5.34,0.63,12.02,8.71,5.55,158.72,119.0,98.97,4.63
Young,Poor,22.08,13.84,16.08,5.86,0.68,37.8,9.76,1.97,71.72,85.77,40.87,3.0
Young,Medium,44.28,6.07,11.14,5.85,0.56,32.2,21.95,2.05,88.5,126.75,129.19,3.35
Harvest,Medium,29.85,23.86,42.95,6.05,0.81,35.5,35.43,2.13,76.15,89.17,63.0,1.93
Harvest,Medium,36.9,28.3,43.58,5.97,0.89,18.11,38.65,5.72,182.37,104.98,99.5,3.58
Young,Poor,25.24,15.84,37.53,5.98,0.46,6.32,24.33,4.16,194.0,161.32,116.0,3.52
Harvest,Poor,16.93,42.71,17.24,5.47,0.78,30.82,36.12,4.12,89.83,135.0,53.6,3.0
Harvest,Rich,38.82,32.44,43.43,6.18,0.74,49.9,12.45,5.74,95.08,147.69,116.16,2.84
Young,Poor,6.97,17.59,48.82,5.82,0.64,28.2,32.54,1.88,111.71,123.36,40.11,4.25
Young,Poor,32.72,38.74,47.8,5.65,0.42,17.21,40.49,5.69,155.0,179.0,79.22,3.0
Young,Rich,47.13,43.99,37.6,5.94,0.82,48.39,5.63,2.38,159.0,77.0,81.96,5.0
Harvest,Poor,37.98,24.83,36.96,5.54,0.92,23.3,16.48,4.18,169.88,80.0,73.0,2.27
Young,Rich,29.23,40.07,47.92,5.77,0.77,9.28,5.12,3.31,205.0,56.59,92.0,4.0
Young,Medium,25.34,40.49,18.47,6.11,0.9,35.88,24.36,3.15,107.21,119.0,122.25,2.0
Harvest,Medium,21.96,20.69,34.27,6.33,0.94,40.14,8.47,5.5,165.0,127.0,69.0,4.0
Young,Poor,48.83,40.88,49.48,6.38,0.53,44.79,44.71,2.14,149.56,143.0,92.0,4.12
Mature,Medium,20.62,45.13,47.91,5.76,0.71,37.13,25.2,5.79,108.93,89.62,119.0,4.5
Young,Poor,35.85,6.92,23.96,5.78,0.61,8.17,20.71,3.13,205.0,46.0,109.34,3.6
Young,Rich,27.24,16.09,14.3,6.2,0.94,46.4,34.87,4.29,75.28,130.0,42.71,3.94
Harvest,Poor,8.44,47.97,47.11,5.47,0.36,29.25,23.14,5.66,174.0,180.0,124.79,2.56
Harvest,Poor,46.19,29.01,34.62,6.26,0.57,40.83,10.25,1.75,176.0,84.06,43.24,3.74
Mature,Rich,9.22,16.86,29.94,5.74,0.87,32.52,29.93,5.47,206.45,69.02,92.58,3.0
Harvest,Medium,16.73,41.53,28.7,5.17,0.48,36.16,33.18,3.94,142.97,82.32,91.36,5.0
Mature,Medium,20.42,8.92,14.4,5.11,0.81,15.12,41.04,4.53,111.0,101.86,110.56,4.0
Harvest,Medium,25.91,22.66,6.55,6.26,0.55,32.21,30.11,2.14,192.44,78.12,53.0,5.0
Young,Rich,8.98,8.67,34.81,5.08,0.94,5.97,10.6,3.79,183.0,91.19,55.0,3.59
Young,Medium,22.43,42.85,49.02,5.42,0.87,47.21,49.53,4.4,140.05,130.8,107.0,3.0
Harvest,Medium,9.65,20.4,7.48,5.5,0.5,10.14,18.85,3.46,183.0,91.0,53.0,3.0
Young,Medium,47.78,23.8,38.29,5.26,0.8,21.43,25.51,2.17,102.86,98.0,82.0,1.99
Mature,Medium,9.33,13.3,12.33,5.47,0.52,35.02,39.62,2.55,154.32,49.44,105.58,4.0
Harvest,Poor,12.44,29.92,12.9,6.11,0.69,19.3,15.67,5.17,198.43,169.0,98.0,5.29
Mature,Poor,14.22,16.8,46.48,5.02,0.73,14.52,48.23,1.65,110.88,99.0,58.16,5.0
Mature,Rich,48.24,24.51,9.51,6.24,0.84,25.78,41.72,4.55,137.0,88.63,66.66,3.64
Harvest,Poor,46.14,22.64,48.61,6.28,0.32,26.99,25.49,5.8,212.17,56.0,127.18,2.62
Harvest,Medium,27.49,38.28,30.34,5.56,0.44,27.13,9.7,1.53,188.0,130.25,80.0,5.43
Harvest,Poor,44.58,26.36,31.46,5.23,0.76,24.45,25.16,2.19,201.93,161.48,43.05,2.0
Young,Rich,28.93,10.68,31.84,5.9,0.67,30.84,42.88,4.4,122.0,50.0,58.98,3.48
Harvest,Rich,33.29,36.42,46.16,5.18,0.62,15.01,19.8,1.76,219.44,64.0,70.16,5.0
Young,Poor,49.15,32.94,15.5,5.55,0.34,35.0,17.01,4.04,84.41,64.0,129.95,3.45
Harvest,Poor,26.31,17.5,37.31,6.44,0.53,9.18,33.16,4.44,143.0,125.91,67.0,2.3
Mature,Medium,48.57,9.63,27.62,6.49,0.86,30.65,14.13,4.03,136.68,169.0,41.0,3.0
Young,Rich,26.0,45.53,41.79,6.16,0.32,13.7,48.87,3.07,188.0,103.54,85.68,4.32
Harvest,Medium,37.99,28.71,11.31,5.47,0.56,44.75,27.64,4.5,205.38,90.76,47.0,2.0
Mature,Rich,31.31,37.58,20.9,6.03,0.91,35.94,14.18,4.06,176.98,148.15,64.0,4.55
Mature,Medium,13.24,40.14,30.35,6.06,0.33,41.08,7.22,2.39,160.29,145.0,129.0,4.0
Harvest,Medium,26.29,12.54,26.32,5.58,0.79,16.09,6.34,3.92,128.39,77.56,103.12,3.0
Mature,Poor,42.98,31.32,46.88,5.96,0.47,44.24,23.32,5.29,142.0,65.87,43.61,2.81
Young,Medium,19.91,13.2,46.22,5.02,0.86,6.16,10.7,4.37,141.49,93.0,79.83,5.26
Young,Rich,41.31,33.3,28.24,5.31,0.78,35.72,46.09,3.53,63.0,149.48,54.62,3.0
Harvest,Poor,30.76,32.27,19.78,5.79,0.88,47.78,8.01,2.88,140.49,138.53,50.0,4.9
Young,Medium,19.26,7.85,45.43,5.25,0.44,21.89,32.72,1.87,196.96,135.0,92.42,4.0
Mature,Poor,48.93,37.13,6.23,5.25,0.65,5.88,41.38,2.55,173.48,157.0,85.01,2.19
Harvest,Poor,38.38,18.4,11.49,6.25,0.81,21.67,48.51,1.55,187.0,81.69,106.6,3.65
Mature,Rich,37.96,7.2,20.37,6.48,0.46,5.38,40.18,5.74,122.0,90.0,120.0,3.93
Harvest,Poor,21.18,30.5,43.94,5.83,0.45,21.5,9.48,2.46,145.0,49.76,61.45,3.72
Young,Medium,6.35,16.84,18.18,6.26,0.32,15.13,27.86,5.0,65.36,162.0,122.99,5.0
Young,Medium,14.61,12.03,46.89,6.49,0.92,22.17,27.63,2.23,121.28,123.21,86.0,6.0
Harvest,Poor,41.68,28.25,17.35,5.21,0.76,45.19,23.88,2.72,135.91,85.0,62.55,5.1
Mature,Rich,15.81,21.21,27.81,5.67,0.71,7.86,22.45,3.3,100.83,53.0,115.97,4.25
Harvest,Medium,43.27,20.0,6.3,5.59,0.78,37.65,15.72,2.89,65.0,142.38,42.0,4.0
Young,Medium,15.76,13.85,28.39,5.12,0.65,35.66,6.8,4.93,170.47,146.0,89.92,4.51
Young,Poor,36.99,13.66,29.3,6.13,0.61,46.93,49.0,5.62,129.61,134.6,104.67,3.0
Harvest,Rich,41.41,15.13,33.89,5.65,0.59,32.37,47.25,5.26,126.51,71.71,64.0,5.0
Mature,Medium,6.71,25.69,8.37,5.7,0.72,26.07,27.83,2.16,100.0,168.0,117.58,5.4
Mature,Medium,39.75,36.68,40.17,5.23,0.43,38.96,49.96,4.84,146.0,146.43,61.0,2.92
Mature,Rich,19.1,43.68,13.35,5.27,0.88,33.38,48.63,2.14,130.08,133.45,115.43,5.59
Mature,Rich,42.19,38.89,37.16,6.36,0.83,44.76,41.03,5.43,136.0,133.0,46.15,5.36
Mature,Poor,24.23,34.88,23.32,5.07,0.53,49.59,46.72,3.73,152.94,166.99,53.55,3.58
Young,Poor,22.4,13.19,44.02,5.35,0.68,20.18,12.43,2.95,61.01,170.0,73.67,5.62
Mature,Medium,12.59,38.28,7.14,5.44,0.39,13.97,10.62,2.18,205.0,125.01,116.72,2.31
Mature,Medium,24.67,25.67,9.99,5.74,0.93,8.4,30.61,1.55,71.0,101.0,52.16,1.92
Harvest,Medium,35.86,18.67,14.03,5.88,0.89,38.37,30.21,2.57,132.0,93.0,118.66,3.26
Harvest,Rich,28.2,49.84,33.71,5.74,0.9,9.89,12.16,5.43,93.18,155.39,59.91,4.0
Young,Medium,15.25,36.44,19.06,5.13,0.52,8.8,23.61,4.93,143.81,131.67,80.0,3.0
Young,Medium,6.18,18.04,12.1,5.37,0.41,26.34,17.28,5.67,105.0,54.51,71.1,5.76
Mature,Rich,44.64,38.23,7.89,6.27,0.44,38.56,31.16,1.93,198.0,63.34,50.0,3.0
Young,Rich,10.14,39.48,31.34,5.96,0.36,30.71,32.2,4.05,123.42,166.43,124.93,2.98
Young,Medium,49.42,6.92,36.66,5.97,0.38,8.43,22.31,2.61,162.2,164.29,79.0,4.0
Mature,Medium,19.37,45.02,38.44,6.01,0.35,33.29,12.33,3.83,99.82,173.0,101.82,1.82
Young,Medium,12.79,36.9,28.11,6.14,0.94,14.87,21.85,2.88,63.1,102.0,91.0,4.86
Harvest,Poor,31.31,49.12,34.36,5.09,0.35,19.61,41.16,2.72,124.66,151.0,85.0,3.39
Young,Rich,13.31,32.5,30.91,5.55,0.39,9.11,34.84,3.97,145.84,157.0,95.11,6.0
Harvest,Medium,31.56,23.6,39.52,5.81,0.84,44.28,47.57,2.29,133.53,86.93,120.75,5.0
Mature,Rich,38.85,34.69,25.15,5.51,0.68,35.45,7.65,3.52,213.92,63.77,102.64,2.02
Young,Medium,41.34,18.98,26.67,6.27,0.8,14.98,20.96,4.3,173.09,179.6,87.46,2.19
Harvest,Medium,12.3,38.52,23.86,5.72,0.71,37.91,19.93,2.05,219.31,48.11,98.0,2.17
Mature,Poor,38.54,27.59,15.81,6.15,0.87,31.84,27.97,5.5,107.21,125.0,94.18,5.8
Harvest,Medium,43.49,35.48,44.93,6.28,0.72,30.38,38.89,3.67,186.0,132.0,78.41,4.67
Mature,Poor,15.69,27.11,42.55,5.76,0.64,8.59,13.14,5.02,149.0,137.0,95.85,4.0
Young,Rich,5.35,16.16,37.83,6.36,0.76,6.21,10.73,4.31,158.0,78.77,79.0,2.64
Young,Medium,49.07,43.19,20.79,5.88,0.59,19.4,47.19,4.55,218.0,142.13,107.94,5.0
Young,Poor,43.24,14.01,41.71,6.28,0.52,39.91,35.53,4.58,164.64,73.0,127.17,3.0
Mature,Medium,25.05,42.23,33.42,5.51,0.6,37.16,6.99,5.26,203.81,157.0,126.35,5.0
Harvest,Poor,27.9,40.26,29.5,5.75,0.41,8.36,40.75,4.14,176.12,73.8,113.69,5.0
Harvest,Rich,45.08,11.38,20.38,5.8,0.82,40.76,12.75,2.7,80.0,139.0,94.0,3.0
Young,Medium,7.16,24.91,36.09,5.16,0.47,24.4,48.21,1.93,171.91,150.54,107.19,3.92
Mature,Medium,23.37,30.89,17.35,5.6,0.4,25.78,25.65,4.11,137.49,69.7,55.2,2.74
Young,Medium,39.78,18.47,31.62,6.38,0.46,46.56,44.05,1.79,207.01,76.37,82.59,3.0
Harvest,Poor,30.95,35.55,32.98,5.95,0.85,36.17,35.06,2.54,189.09,149.96,62.41,6.0
Young,Poor,17.0,42.81,44.38,5.27,0.51,25.11,26.69,1.76,76.66,55.7,39.0,4.71
Harvest,Rich,39.41,17.96,6.11,5.51,0.75,30.46,29.95,3.86,81.43,69.94,126.97,5.36
Mature,Poor,37.66,34.54,44.78,5.29,0.86,10.81,41.87,2.19,71.14,106.0,117.61,4.07
Young,Poor,6.63,46.7,37.15,5.04,0.35,48.83,16.4,4.12,138.92,170.0,85.75,3.0
Mature,Rich,43.05,41.82,21.45,6.39,0.8,46.38,42.93,4.9,73.0,120.42,62.13,4.79
Young,Poor,14.6,19.24,25.5,5.67,0.5,24.48,38.94,5.03,175.79,96.72,102.0,4.0
Mature,Rich,31.21,28.33,38.64,5.46,0.44,19.33,12.98,2.83,148.0,177.06,78.57,3.0
Young,Medium,41.53,43.28,17.28,5.9,0.75,9.24,37.97,3.86,194.0,107.06,112.0,4.0
Harvest,Poor,38.86,22.19,49.61,5.01,0.89,35.87,11.77,3.92,105.0,102.99,130.0,4.47
Harvest,Rich,43.47,12.72,35.55,5.42,0.49,17.03,34.41,3.53,143.0,100.0,71.0,5.0
Mature,Rich,17.1,19.14,12.16,6.05,0.67,32.0,30.3,4.32,78.8,86.46,61.0,3.0
Young,Poor,47.29,39.76,27.06,5.95,0.49,17.26,35.09,2.4,202.0,88.29,63.33,5.48
Young,Rich,12.7,6.5,37.32,6.47,0.66,10.98,11.81,5.71,88.0,137.55,47.0,3.39
Young,Poor,34.7,40.61,29.48,5.93,0.7,32.49,9.16,1.92,76.0,50.0,74.86,2.94
Mature,Rich,6.7,41.44,31.73,5.72,0.7,29.96,9.04,5.07,93.0,137.0,40.59,2.62
Harvest,Rich,26.26,23.06,19.22,6.14,0.71,7.74,12.38,4.05,189.0,71.36,49.41,5.18
Young,Poor,17.37,32.27,48.72,6.35,0.39,38.94,29.25,2.55,76.93,96.0,63.72,3.29
Harvest,Medium,43.49,22.82,39.07,6.08,0.75,49.54,20.45,4.71,158.0,63.93,54.0,3.83
Mature,Poor,25.84,23.04,32.96,6.44,0.74,37.1,39.51,1.86,179.39,119.17,105.63,2.74
Mature,Poor,46.29,40.1,42.52,6.17,0.74,37.82,44.0,4.83,180.0,143.19,48.61,4.68
Young,Medium,19.02,16.12,30.06,6.3,0.35,47.18,39.43,4.04,90.0,92.0,117.81,5.0
Mature,Medium,48.85,27.38,15.53,5.17,0.59,17.24,10.73,1.98,69.86,66.22,59.0,3.23
Mature,Medium,24.1,24.16,36.03,6.1,0.57,42.84,17.26,1.84,132.0,74.8,48.88,5.77
Young,Poor,14.18,5.16,46.69,5.66,0.36,33.16,32.24,4.73,92.0,155.0,39.92,2.0
Mature,Rich,36.81,35.21,18.41,5.83,0.44,44.43,35.95,2.76,172.0,80.4,104.08,2.36
Young,Poor,21.06,40.49,21.13,5.98,0.59,36.79,38.84,5.32,117.0,149.36,62.35,4.27
Harvest,Poor,8.14,16.96,15.16,6.45,0.78,18.95,20.27,4.78,132.0,89.04,85.0,4.75
Mature,Rich,40.75,16.35,20.61,6.48,0.45,40.85,31.03,4.5,78.0,69.67,49.0,2.85
Harvest,Medium,41.06,47.8,35.81,5.43,0.84,5.17,35.53,2.7,150.81,143.0,129.0,4.13
Young,Medium,34.55,15.46,10.82,6.1,0.65,8.76,40.56,4.55,89.68,108.0,50.41,3.14
Young,Rich,14.78,43.41,6.69,6.12,0.79,47.99,26.09,5.58,169.0,48.25,76.49,4.13
Mature,Medium,38.52,46.9,23.7,5.52,0.61,22.02,33.61,1.89,71.39,174.55,116.5,5.0
Harvest,Poor,26.47,48.3,8.79,5.19,0.62,24.42,13.77,2.9,216.0,64.0,61.28,6.0
Young,Poor,42.14,49.77,21.79,5.06,0.7,29.69,46.27,2.51,169.52,92.0,63.0,3.71
Mature,Medium,28.8,22.12,15.48,6.17,0.9,11.53,40.08,3.19,89.08,96.0,112.57,4.52
Young,Rich,41.01,10.33,42.88,5.73,0.62,7.46,19.93,4.69,62.26,111.0,63.87,4.23
Young,Rich,11.25,9.36,10.97,6.48,0.64,16.67,49.25,3.54,113.51,151.0,39.0,3.0
Harvest,Rich,29.83,32.79,14.69,5.7,0.69,7.71,35.25,3.95,84.45,44.83,77.94,3.0
Young,Poor,28.1,28.84,35.92,6.47,0.78,37.02,42.53,2.85,94.95,170.82,40.14,5.95
Young,Medium,11.48,46.52,37.13,5.62,0.35,25.99,48.31,2.11,199.64,131.85,121.79,2.67
Mature,Medium,28.62,20.61,9.61,6.19,0.64,40.28,5.03,2.65,157.0,173.0,97.0,5.12
Young,Poor,35.6,9.45,38.71,5.13,0.61,45.18,35.41,5.2,88.23,155.0,92.05,2.42
Harvest,Medium,23.07,34.49,15.23,5.83,0.9,18.82,44.27,4.09,149.0,170.0,57.34,5.18
Mature,Poor,38.31,11.29,21.62,6.2,0.62,7.96,12.78,3.13,100.92,125.74,102.7,2.58
Young,Poor,49.48,15.58,43.66,6.39,0.6,12.81,16.6,4.9,216.19,92.59,101.0,5.86
Harvest,Rich,43.12,15.52,24.99,6.23,0.93,16.33,43.99,1.78,65.24,104.24,44.5,5.0
Mature,Poor,40.37,7.71,45.2,5.06,0.59,38.01,25.19,2.59,177.0,133.49,119.16,2.0
Mature,Rich,38.54,38.28,22.49,5.56,0.42,38.86,21.04,2.49,183.68,102.06,92.0,4.71
Harvest,Rich,23.4,48.16,5.15,5.07,0.44,47.55,42.95,5.74,71.0,143.51,111.11,4.0
Harvest,Rich,9.59,18.32,19.89,5.16,0.36,46.76,40.6,4.54,87.5,56.49,62.93,3.0
Young,Poor,41.93,13.4,47.58,6.01,0.3,45.28,47.2,4.16,121.49,157.0,50.11,3.0
Harvest,Poor,18.02,48.73,15.04,6.07,0.58,21.11,47.92,1.52,198.9,71.77,102.92,5.0
Young,Medium,11.77,5.63,42.59,6.16,0.8,13.02,37.62,2.29,146.0,172.0,111.24,4.91
Harvest,Medium,29.53,27.45,34.38,6.3,0.78,33.5,25.08,4.23,164.85,65.15,74.13,3.17
Harvest,Rich,27.98,5.24,23.38,6.11,0.32,47.03,44.33,3.13,185.0,62.0,41.16,5.0
Harvest,Rich,25.61,17.94,25.04,6.2,0.67,46.55,18.45,5.47,192.0,154.0,113.46,2.93
Mature,Medium,12.5,36.47,18.5,5.07,0.4,12.94,7.54,4.79,136.0,155.34,58.0,2.09
Mature,Poor,23.47,7.54,18.6,5.35,0.91,45.8,14.89,3.42,141.0,144.47,69.85,4.0
Young,Medium,46.02,7.11,6.96,5.93,0.41,40.74,49.42,4.72,175.0,175.0,96.17,2.25
Mature,Rich,41.54,34.89,33.52,6.29,0.71,9.12,47.51,5.69,102.0,80.79,48.0,3.0
Harvest,Rich,31.79,22.51,12.67,5.01,0.51,14.09,42.42,3.48,196.72,156.0,46.0,4.0
Mature,Rich,15.38,14.73,18.87,5.77,0.72,38.08,18.08,4.26,63.33,92.0,41.0,3.0
Young,Medium,7.25,17.78,5.88,6.02,0.57,25.11,47.0,5.45,91.32,117.09,122.41,2.7
Harvest,Medium,16.11,7.69,8.8,5.04,0.79,38.22,22.72,2.57,188.03,104.6,67.0,5.0
Mature,Rich,12.09,34.97,20.6,5.6,0.45,40.03,37.99,5.31,114.44,44.8,99.12,4.0
Young,Rich,9.37,16.34,7.92,6.34,0.89,18.13,21.87,1.92,83.97,122.13,129.02,5.33
Harvest,Rich,34.18,19.73,37.43,6.01,0.63,34.97,43.71,4.29,89.88,145.66,99.92,4.0
Mature,Poor,35.91,21.01,11.37,5.36,0.79,24.76,13.68,4.87,145.0,68.0,86.78,4.0
Young,Rich,23.46,11.85,23.94,6.28,0.85,38.7,47.78,4.14,195.0,170.71,86.4,2.9
Mature,Medium,43.3,26.98,29.11,5.52,0.95,30.84,17.21,3.63,71.3,116.13,73.3,5.0
Harvest,Medium,36.81,32.79,32.04,6.28,0.45,31.05,48.72,4.15,65.0,68.0,94.0,3.0
Young,Medium,44.78,18.59,46.05,5.45,0.49,40.07,7.11,2.15,134.0,132.0,126.25,3.0
Young,Medium,30.88,34.7,23.4,5.89,0.46,14.74,40.88,2.43,212.99,70.1,110.71,5.33
Young,Poor,25.64,11.47,14.0,5.6,0.47,34.92,28.31,2.66,104.64,52.64,77.6,4.91
Young,Rich,22.88,26.28,35.62,5.41,0.68,20.61,33.63,4.07,213.0,137.2,69.0,4.37
Young,Rich,41.62,30.88,28.05,6.33,0.95,46.54,28.22,3.4,202.03,59.05,119.0,2.0
Mature,Poor,23.89,20.59,12.04,5.28,0.94,49.8,47.29,2.55,105.3,58.0,51.0,2.0
Mature,Rich,27.16,8.82,14.91,5.13,0.64,6.27,14.12,5.3,191.0,145.0,116.31,3.9
Young,Medium,11.67,30.22,17.94,5.51,0.72,28.03,40.02,3.11,169.74,52.0,62.21,4.93
Young,Medium,16.24,19.98,13.27,6.08,0.86,25.34,29.03,3.42,141.89,154.0,104.0,3.75
Mature,Rich,45.96,44.79,23.39,6.21,0.91,13.81,31.78,3.26,127.67,152.0,112.37,1.87
Young,Rich,48.79,8.36,11.28,6.5,0.43,36.26,13.15,2.28,190.48,63.23,82.41,3.0
Harvest,Poor,32.97,27.48,7.32,5.44,0.64,36.71,48.14,4.65,186.89,114.5,56.0,4.0
Young,Rich,47.81,40.32,35.16,5.61,0.84,25.51,46.76,3.43,181.0,57.0,116.0,4.72
Harvest,Rich,14.24,42.39,36.87,5.21,0.5,18.41,42.19,1.57,219.72,130.0,72.0,1.94
Harvest,Rich,38.55,38.59,16.51,5.86,0.59,36.87,45.91,5.65,136.56,53.0,68.0,1.98
Mature,Rich,22.84,23.42,28.16,6.5,0.94,48.75,44.66,5.01,189.0,172.45,85.0,3.0
Harvest,Medium,47.81,20.4,49.66,6.05,0.94,24.56,13.0,4.61,198.0,72.25,78.59,2.15
Mature,Medium,14.7,36.79,18.66,5.89,0.89,24.9,18.03,5.24,94.0,137.0,101.0,4.08
Harvest,Poor,10.46,19.48,27.61,5.59,0.82,43.88,17.03,5.4,66.73,61.45,51.49,2.32
Harvest,Medium,38.5,35.39,49.35,6.37,0.47,18.19,35.12,2.95,124.76,72.51,78.65,4.52
Mature,Rich,24.88,44.55,25.52,5.75,0.51,38.24,40.61,4.13,197.0,105.33,120.14,5.06
Young,Poor,14.46,19.41,11.78,5.2,0.66,21.75,23.21,4.12,106.26,121.94,42.28,5.88
Mature,Rich,28.61,17.28,29.12,5.55,0.66,37.17,22.98,2.65,172.0,179.85,81.0,6.0
Young,Rich,16.34,45.42,6.15,5.1,0.63,29.67,24.96,2.45,61.0,47.53,99.0,3.0
Mature,Medium,23.74,9.1,6.37,5.3,0.71,47.99,34.47,1.99,116.86,44.0,120.0,1.92
Young,Medium,41.34,25.86,41.46,5.03,0.57,33.85,8.3,4.34,158.0,92.0,93.0,3.18
Mature,Poor,17.32,31.78,44.93,5.68,0.79,28.94,6.8,4.86,80.76,93.8,114.03,5.0
Young,Medium,20.98,23.22,7.29,5.95,0.52,33.13,42.64,4.77,203.0,164.0,59.0,2.05
Harvest,Rich,31.18,22.88,30.98,5.51,0.51,5.04,8.12,2.86,85.0,168.11,71.11,3.0
Young,Medium,24.69,32.49,29.83,5.63,0.38,36.14,49.33,2.38,206.0,163.75,124.73,3.0
Young,Rich,34.32,10.94,16.69,6.44,0.42,24.54,7.69,3.45,94.62,63.47,120.0,2.72
Mature,Medium,14.44,8.82,25.77,6.13,0.85,22.43,17.53,3.85,219.08,100.05,89.77,4.77
Harvest,Poor,33.63,10.64,16.0,5.81,0.59,33.62,7.06,5.45,156.76,145.0,82.27,4.57
Young,Medium,26.81,26.7,40.39,5.43,0.45,36.25,20.79,5.26,74.0,87.0,80.05,4.0
Young,Poor,12.75,9.28,47.55,6.35,0.79,45.44,29.98,5.44,70.44,134.2,44.35,6.0
Harvest,Rich,47.56,33.28,34.41,5.35,0.66,38.55,13.56,5.16,71.99,76.25,120.0,2.23
Mature,Poor,13.88,21.4,48.12,5.49,0.31,16.2,30.78,5.65,154.38,87.99,113.45,2.0
Harvest,Rich,34.64,30.43,36.7,6.36,0.51,37.95,17.58,3.5,189.53,161.0,80.52,3.41
Mature,Medium,45.73,18.84,28.85,5.79,0.42,7.98,28.52,1.7,124.47,78.07,64.43,5.0
Mature,Rich,11.82,34.39,46.27,6.11,0.73,28.38,12.0,1.86,131.17,175.15,70.0,4.0
Young,Rich,14.92,7.17,39.35,5.89,0.48,32.46,44.11,3.18,154.0,85.65,50.21,2.11
Harvest,Poor,31.46,7.79,5.53,5.98,0.34,9.33,5.27,2.61,145.0,47.2,104.68,5.83
Young,Medium,19.22,12.28,38.21,5.45,0.34,14.64,21.81,2.23,170.09,78.67,90.0,3.0
Young,Rich,15.24,17.1,42.23,5.36,0.68,48.97,26.04,5.6,135.49,67.0,60.0,3.0
Harvest,Poor,27.17,14.79,7.98,5.48,0.31,16.26,27.65,2.34,174.0,112.93,96.0,4.42
Harvest,Rich,38.78,20.78,13.31,5.23,0.85,32.69,11.42,5.63,219.57,59.33,128.0,5.77
Harvest,Rich,32.58,46.43,14.45,6.31,0.4,45.9,15.31,4.77,116.05,129.0,50.14,4.58
Mature,Medium,9.39,9.89,17.47,5.42,0.69,38.16,14.07,4.26,62.0,163.0,80.72,5.81
Young,Poor,5.8,29.82,21.24,5.84,0.59,43.02,22.74,4.41,80.0,93.3,83.97,3.0
Harvest,Medium,13.05,49.71,18.99,6.19,0.59,49.16,40.71,2.93,148.56,66.92,54.18,4.4
Mature,Rich,27.07,7.45,11.89,6.18,0.35,35.18,15.67,4.28,115.0,98.4,87.37,5.28
Harvest,Medium,43.9,25.81,23.22,5.66,0.82,34.22,17.39,2.3,210.0,151.0,94.14,4.0
Young,Medium,11.62,34.85,44.07,5.71,0.88,14.98,22.21,5.53,160.0,124.44,53.32,3.32
Young,Medium,43.65,21.39,34.64,6.49,0.31,44.53,34.11,2.8,143.26,58.0,53.0,5.94
Young,Poor,13.56,48.4,20.98,6.01,0.42,33.76,32.68,2.6,188.0,117.06,117.0,2.39
Mature,Medium,7.15,18.66,48.33,6.22,0.89,37.81,40.91,4.56,101.0,107.66,67.0,4.0
Young,Rich,20.32,43.1,26.61,6.35,0.66,31.94,45.67,4.32,191.0,88.49,96.0,5.47
Harvest,Medium,15.71,43.01,20.18,6.18,0.4,18.65,11.87,3.44,60.49,58.98,96.0,6.0
Young,Medium,9.33,17.32,49.11,5.28,0.43,10.61,13.64,4.22,159.15,177.43,115.0,6.0
Mature,Poor,44.81,49.98,25.0,5.84,0.73,16.05,13.73,2.19,210.0,67.94,106.0,6.0
Harvest,Medium,27.61,5.87,27.53,5.15,0.77,38.51,49.14,4.4,186.06,70.21,115.0,2.01
Harvest,Poor,35.33,43.8,10.74,5.98,0.69,23.97,8.94,2.66,196.58,64.0,96.0,6.0
Mature,Medium,30.42,21.03,7.49,6.43,0.92,8.21,24.49,2.67,123.51,122.0,79.9,4.0
Mature,Rich,20.23,5.66,24.92,5.77,0.62,28.29,30.91,2.2,191.88,104.0,75.0,5.0
Young,Poor,18.03,32.57,25.31,5.65,0.5,29.61,49.23,2.93,148.0,77.94,73.0,3.46
Mature,Poor,12.35,6.92,21.96,5.05,0.61,6.88,37.15,2.92,158.97,102.4,77.07,5.0
Mature,Rich,30.0,32.52,43.66,6.44,0.53,24.51,14.75,3.45,69.43,136.0,51.0,4.22
Harvest,Medium,29.53,43.13,35.36,5.15,0.45,45.97,35.71,2.32,92.25,82.0,77.58,5.35
Harvest,Medium,45.84,32.9,21.39,5.06,0.33,35.61,25.91,2.33,148.0,168.0,74.0,2.61
Young,Rich,34.13,46.17,6.68,5.37,0.53,19.57,38.72,3.83,69.0,85.66,42.15,2.58
Young,Rich,5.35,28.9,30.56,5.1,0.76,22.97,7.77,2.05,178.63,71.0,64.0,4.0
Mature,Medium,32.16,25.51,26.01,5.68,0.31,26.07,28.9,4.46,194.41,174.0,107.42,2.0
Young,Medium,7.54,43.8,48.85,5.77,0.59,48.9,48.44,5.56,207.26,154.0,91.59,4.71
Harvest,Rich,49.73,7.56,43.33,5.47,0.72,7.91,30.36,3.34,76.28,90.67,112.36,3.04
Young,Poor,28.89,37.86,41.45,5.08,0.7,42.96,22.89,5.37,210.36,158.0,88.0,4.0
Mature,Rich,25.44,23.38,45.98,5.17,0.8,40.75,35.99,1.92,70.82,115.0,117.0,2.09
Mature,Poor,32.73,38.92,12.9,5.58,0.83,11.23,30.5,1.68,136.0,91.0,111.44,2.52
Harvest,Rich,11.31,28.77,24.05,5.09,0.76,38.74,42.05,4.6,194.44,158.19,47.94,4.42
Young,Medium,44.65,49.8,21.29,6.05,0.37,16.28,17.98,4.77,71.25,146.0,127.91,3.08
Young,Poor,19.31,14.61,17.81,5.31,0.61,45.88,6.89,5.13,63.0,84.51,40.34,2.7
Harvest,Rich,49.48,16.16,36.83,5.45,0.69,23.48,27.81,1.74,63.99,127.0,93.31,2.76
Young,Medium,24.25,42.49,45.17,5.59,0.46,47.2,26.93,4.84,141.8,94.24,111.0,3.0
Mature,Medium,43.52,25.61,21.69,5.62,0.33,35.7,33.13,3.12,190.0,44.14,69.2,4.42
Harvest,Medium,25.67,41.43,7.3,5.0,0.45,46.19,19.23,2.8,80.0,174.81,93.47,2.5
Harvest,Poor,9.16,10.82,31.4,5.17,0.6,39.93,48.58,2.24,80.0,118.75,71.95,3.0
Mature,Poor,34.96,23.1,47.79,6.29,0.57,36.74,42.05,5.78,150.97,125.0,44.52,4.69
Young,Poor,5.46,20.58,41.71,5.0,0.41,30.04,31.86,1.77,97.0,126.0,40.0,3.96
Young,Rich,19.15,46.17,39.38,5.76,0.84,46.73,29.88,5.06,176.83,119.0,47.63,4.0
Harvest,Medium,12.81,11.18,9.62,5.73,0.9,24.26,28.82,4.25,211.94,83.45,47.96,3.0
Harvest,Medium,32.26,25.91,25.27,5.5,0.43,28.03,41.39,4.66,183.0,176.13,95.0,5.72
Young,Rich,17.8,48.52,13.48,5.65,0.9,10.35,30.87,4.56,200.35,129.0,86.85,4.0
Harvest,Rich,42.65,27.27,46.86,6.17,0.31,18.48,24.61,5.19,143.13,135.25,80.45,3.0
Young,Poor,43.16,26.29,18.39,6.26,0.9,32.71,40.61,2.29,193.17,105.85,101.96,5.6
Young,Medium,48.77,15.45,37.37,5.39,0.92,21.39,32.74,1.5,89.26,83.15,40.53,4.55
Harvest,Poor,7.93,25.36,30.95,5.48,0.31,37.77,35.43,4.07,70.94,52.75,63.66,4.38
Mature,Rich,34.11,31.56,25.51,5.36,0.8,25.6,39.04,3.02,165.0,92.0,110.0,5.52
Harvest,Medium,41.24,5.93,25.14,5.72,0.93,45.39,17.45,2.03,68.31,67.95,122.0,2.0
Harvest,Medium,9.79,7.58,6.21,6.02,0.89,12.54,17.47,2.3,203.0,134.04,78.89,5.0
Mature,Poor,7.55,10.91,42.05,5.34,0.93,33.89,11.35,2.93,170.65,164.0,46.0,4.65
Young,Poor,32.98,36.4,9.88,5.5,0.66,44.67,6.02,1.8,212.0,85.17,111.68,3.31
Mature,Medium,30.06,21.57,23.06,6.4,0.35,28.04,17.3,1.74,110.22,89.27,119.55,2.88
Mature,Poor,32.32,11.32,41.74,5.07,0.85,45.2,22.81,5.44,137.79,135.0,77.0,2.24
Mature,Rich,29.45,35.11,28.84,5.69,0.7,39.25,33.0,2.84,178.67,64.3,61.15,5.75
Harvest,Medium,35.19,23.87,41.43,6.07,0.7,17.55,30.53,5.72,98.84,170.4,43.0,2.0
Harvest,Medium,28.14,34.68,29.94,5.23,0.57,21.27,41.77,5.65,146.7,93.48,92.79,3.0
Mature,Rich,11.91,45.48,34.75,5.07,0.67,30.07,37.19,2.11,165.51,57.76,121.8,4.7
Young,Poor,14.38,33.0,42.14,5.21,0.4,28.04,37.96,4.57,217.0,67.76,100.69,4.78
Harvest,Medium,7.87,39.01,42.12,6.38,0.78,21.02,37.2,4.08,179.15,170.85,67.87,2.48
Mature,Rich,36.14,47.28,16.46,5.01,0.35,5.16,16.26,4.47,78.9,78.0,98.0,5.0
Harvest,Rich,31.88,32.5,30.81,5.28,0.77,35.56,8.44,1.91,136.0,134.07,114.72,3.94
Harvest,Medium,24.32,38.75,18.34,5.05,0.85,5.5,45.21,2.31,154.2,65.24,82.3,5.0
Mature,Rich,45.42,48.68,28.65,5.17,0.61,15.62,29.2,1.83,83.0,70.0,113.6,2.0
Young,Rich,23.87,15.67,26.07,5.93,0.63,27.17,18.34,4.1,129.0,163.58,75.0,1.98
Young,Poor,17.12,43.92,12.26,5.36,0.5,40.43,6.68,5.74,105.0,64.13,70.71,4.0
Harvest,Medium,18.81,38.77,46.72,5.85,0.93,44.77,22.8,4.39,79.01,46.55,92.05,2.43
Harvest,Rich,27.37,29.35,43.29,5.89,0.78,22.76,8.35,4.56,141.93,112.17,81.0,4.0
Young,Medium,29.19,46.1,41.36,6.27,0.54,8.29,46.15,5.73,86.0,161.0,128.0,1.86
Young,Rich,16.77,25.22,36.19,5.01,0.41,13.02,20.48,4.42,154.49,88.0,85.99,5.08
Young,Rich,24.14,12.17,31.58,6.28,0.44,22.18,14.73,1.67,87.0,61.43,74.05,5.58
Harvest,Poor,19.66,19.99,43.94,5.93,0.6,39.99,19.84,5.23,175.78,177.58,74.94,5.32
Harvest,Medium,9.5,7.23,5.63,5.24,0.91,16.65,30.93,3.07,91.24,136.0,89.0,5.83
Young,Medium,25.91,27.46,22.19,6.16,0.78,25.39,7.69,1.52,203.41,159.69,71.3,5.59
Mature,Medium,22.0,35.51,46.15,6.28,0.44,17.63,46.3,3.68,64.0,146.0,104.78,3.66
Mature,Poor,43.93,32.51,34.15,5.38,0.86,32.92,41.41,5.53,144.0,138.96,73.64,3.47
Harvest,Rich,30.15,41.58,20.99,6.38,0.55,27.45,34.53,2.61,111.22,96.3,73.96,6.0
Harvest,Poor,23.79,33.18,7.66,5.68,0.85,36.53,33.73,3.61,96.01,88.0,95.14,5.69
Young,Rich,35.39,41.32,12.02,5.91,0.46,29.66,11.28,2.25,135.0,142.0,45.0,5.89
Harvest,Rich,38.63,17.94,5.71,6.48,0.7,39.78,9.28,1.75,194.72,141.0,98.64,5.03
Young,Rich,19.06,32.61,15.86,5.54,0.9,9.96,10.29,1.85,206.0,173.0,84.95,2.65
Mature,Medium,28.82,37.52,12.78,6.22,0.47,32.79,30.12,4.63,108.52,121.34,80.23,5.77
Young,Medium,14.53,35.82,19.26,5.48,0.75,44.11,15.86,5.22,85.0,84.0,104.45,6.0
Mature,Poor,12.64,33.04,42.37,6.2,0.94,47.7,18.07,2.12,175.22,110.58,108.0,4.6
Mature,Medium,40.28,11.76,40.82,5.9,0.4,41.11,43.1,2.74,153.12,127.0,116.0,5.4
Harvest,Medium,36.31,31.45,40.85,5.32,0.36,35.01,26.73,2.34,92.16,102.04,73.0,4.16
Harvest,Poor,25.17,38.04,25.08,5.62,0.74,28.24,49.05,1.62,181.65,152.0,68.76,5.77
Young,Poor,10.69,48.03,38.85,5.48,0.52,18.08,19.42,3.88,143.0,124.0,104.0,2.19
Young,Poor,47.47,6.25,20.95,5.12,0.35,45.95,45.59,4.51,165.0,45.28,91.94,5.0
Mature,Poor,26.03,34.39,10.74,5.04,0.61,25.29,40.82,4.29,117.0,122.0,96.0,2.0
Harvest,Rich,21.29,21.06,38.15,5.52,0.79,7.76,8.11,3.17,130.26,130.0,89.55,3.22
Harvest,Rich,6.34,23.34,8.13,5.03,0.49,47.14,16.96,3.89,88.85,168.48,109.0,2.37
Mature,Medium,5.19,32.82,28.79,5.25,0.52,6.2,5.39,1.9,181.04,100.27,56.0,3.81
Young,Rich,34.99,31.56,7.64,6.09,0.85,32.09,5.23,2.16,85.0,122.0,89.57,2.78
Young,Medium,9.06,16.78,5.25,6.06,0.64,19.87,11.41,5.51,185.0,109.0,53.0,6.0
Mature,Medium,43.0,7.3,24.85,6.11,0.85,39.16,9.72,4.77,188.0,116.0,76.06,4.0
Young,Rich,22.87,28.41,9.46,5.48,0.59,5.34,44.76,5.47,179.46,53.15,99.0,5.57
Young,Medium,32.18,40.87,26.5,6.34,0.92,6.73,6.25,5.44,63.11,166.03,83.87,3.0
Harvest,Rich,27.94,28.8,6.65,5.89,0.72,15.33,11.07,4.29,103.7,168.0,74.0,2.0
Young,Medium,25.14,45.66,6.99,5.19,0.38,25.33,34.76,5.49,134.93,118.54,119.53,5.06
Mature,Medium,20.0,19.64,25.74,5.22,0.88,24.61,6.76,3.29,155.29,119.69,109.33,5.0
Young,Rich,32.99,42.6,23.97,6.04,0.62,18.3,37.01,1.52,207.08,51.83,87.0,4.0
Mature,Medium,34.7,35.29,22.64,5.26,0.39,10.47,41.41,1.77,120.1,125.0,125.0,5.0
Harvest,Rich,32.97,12.03,43.27,5.76,0.4,44.54,43.54,1.97,200.0,102.36,78.0,5.33
Harvest,Poor,41.91,36.44,14.02,6.49,0.75,32.87,30.95,1.91,86.15,140.43,110.71,4.0
Mature,Poor,24.32,5.48,35.88,5.01,0.33,14.18,27.89,3.01,119.4,50.41,54.0,5.86
Young,Rich,36.12,39.07,44.52,5.02,0.49,37.69,23.95,4.52,68.0,141.0,65.0,4.82
Harvest,Medium,44.42,23.76,29.79,6.49,0.39,44.02,41.15,4.9,178.8,83.0,69.77,4.64
Mature,Poor,48.41,14.83,43.34,5.88,0.59,47.91,13.38,4.04,84.1,132.63,48.63,3.32
Young,Rich,47.4,20.31,18.35,5.19,0.57,49.65,10.37,2.13,101.12,129.0,85.0,2.0
Mature,Rich,24.82,41.98,23.68,6.35,0.64,29.94,43.22,4.72,184.04,74.85,56.0,2.81
Mature,Medium,11.86,32.0,23.03,6.32,0.48,10.74,46.29,3.03,145.55,103.9,97.0,5.01
Mature,Medium,39.46,23.49,38.25,5.8,0.32,25.83,38.19,1.56,62.24,157.65,56.3,5.0
Young,Rich,5.82,10.91,6.41,5.93,0.7,39.26,31.0,2.71,60.36,126.0,50.0,3.19
Mature,Rich,46.4,23.77,33.99,5.41,0.54,29.44,41.13,2.92,142.0,53.0,127.19,4.43
Harvest,Rich,32.56,36.64,22.23,5.08,0.72,36.01,41.35,2.68,109.0,104.24,98.9,3.0
Harvest,Poor,38.41,43.67,41.31,5.89,0.37,28.91,33.1,4.99,88.85,86.0,124.22,2.91
Young,Rich,5.78,32.61,22.4,5.44,0.31,26.26,42.69,4.77,158.0,131.26,83.58,5.78
Young,Rich,24.69,40.05,41.95,6.0,0.46,12.18,28.94,4.49,97.0,128.0,42.0,3.54
Harvest,Medium,30.3,5.25,48.89,6.25,0.6,21.27,49.74,2.1,155.0,45.0,91.0,3.0
Mature,Poor,8.98,36.65,34.17,5.03,0.56,26.53,16.08,4.97,120.68,126.65,90.0,3.85
Mature,Rich,28.85,17.4,41.26,5.89,0.83,27.33,16.21,4.41,89.88,144.0,40.36,3.0
Young,Rich,41.76,34.5,45.46,5.35,0.55,23.05,32.98,2.34,82.1,148.55,117.0,4.86
Harvest,Medium,26.97,37.39,24.17,6.31,0.64,21.18,28.94,4.29,97.9,52.02,95.0,5.84
Harvest,Poor,22.53,12.26,36.07,5.38,0.69,7.43,20.07,3.58,64.77,85.3,106.77,4.0
Young,Rich,33.59,9.01,17.86,5.92,0.31,46.88,7.24,3.39,109.3,101.29,84.0,4.0
Harvest,Poor,27.85,5.71,46.9,5.83,0.63,13.23,18.78,1.98,204.0,68.45,95.0,3.33
Mature,Rich,23.71,6.93,38.72,5.59,0.52,27.12,29.65,3.73,193.02,101.0,62.43,4.17
Mature,Medium,16.11,47.9,34.4,6.02,0.57,13.0,42.29,1.93,120.0,53.67,127.61,3.14
Harvest,Rich,17.92,28.32,26.86,6.09,0.37,39.08,20.72,2.21,152.13,59.0,75.47,2.0
Young,Poor,43.34,16.69,15.98,5.85,0.81,19.65,41.54,2.07,151.0,135.0,54.0,5.0
Mature,Rich,42.87,18.48,23.19,6.14,0.91,49.01,5.68,5.6,192.6,80.0,44.0,4.0
Young,Poor,13.5,13.2,25.6,6.48,0.31,33.29,39.75,2.72,98.0,140.75,97.0,3.87
Harvest,Poor,32.49,43.58,39.03,5.63,0.69,32.48,46.07,3.03,107.42,51.0,128.0,2.0
Mature,Medium,37.36,46.7,46.11,5.77,0.8,7.83,24.18,2.88,108.0,121.0,120.52,5.32
Young,Poor,36.2,7.43,40.57,5.02,0.49,49.32,20.67,5.36,66.54,97.0,103.0,2.52
Young,Poor,28.69,35.69,33.62,6.19,0.81,18.79,7.46,3.92,110.0,152.0,129.0,3.52
Harvest,Poor,28.71,5.06,12.75,5.78,0.71,41.23,37.82,5.45,200.0,151.0,105.0,5.33
Harvest,Medium,7.13,12.75,41.52,5.61,0.9,15.91,31.45,2.79,205.92,95.0,69.87,3.72
Mature,Medium,26.67,37.09,36.34,5.14,0.94,33.82,10.98,1.99,77.54,129.0,93.71,5.71
Harvest,Rich,49.55,7.93,18.87,6.33,0.33,9.93,39.57,3.89,133.29,74.95,46.0,2.68
Harvest,Rich,47.73,14.97,23.35,5.59,0.59,5.46,37.08,2.99,121.02,122.94,59.17,4.8
Mature,Medium,29.84,17.81,47.14,6.02,0.66,46.93,46.15,4.95,138.3,55.05,77.0,5.91
Mature,Medium,26.15,17.11,34.44,5.22,0.4,29.74,22.59,5.28,149.0,103.11,57.37,4.0
Harvest,Rich,30.38,24.89,17.16,6.44,0.52,21.2,33.99,3.53,63.24,69.0,126.0,4.71
Mature,Rich,37.92,24.59,18.42,5.27,0.94,18.52,36.87,5.68,195.0,164.14,130.0,3.45
Harvest,Rich,46.44,20.03,30.91,5.3,0.31,11.73,46.11,3.88,216.0,105.0,72.76,5.0
Young,Poor,13.23,8.69,19.16,6.29,0.59,44.35,6.65,2.66,165.0,124.0,103.54,6.0
Young,Poor,42.33,32.6,27.05,6.37,0.85,12.71,42.43,3.6,165.67,93.01,76.0,4.75
Mature,Rich,12.41,40.12,7.48,5.32,0.51,20.16,36.89,1.66,144.0,83.27,52.0,5.73
Young,Medium,13.0,26.59,5.84,5.7,0.61,17.02,30.95,4.96,113.48,71.6,69.66,4.0
Mature,Poor,7.72,28.67,9.52,6.1,0.94,37.98,27.75,1.94,83.84,168.01,60.24,4.0
Harvest,Medium,35.34,5.2,8.58,6.32,0.61,18.64,17.24,2.83,153.45,153.0,68.86,3.08
Harvest,Rich,41.08,37.95,43.73,5.57,0.39,43.86,11.89,3.93,67.0,62.12,58.57,4.78
Young,Rich,46.29,12.14,6.47,5.78,0.33,18.0,37.22,1.68,192.0,145.55,49.22,6.0
Mature,Rich,43.09,29.18,23.48,6.11,0.91,22.47,10.28,1.84,127.35,101.0,58.79,5.0
Harvest,Poor,47.99,9.1,34.91,6.1,0.47,7.33,43.03,4.49,126.36,46.09,121.42,2.78
Young,Medium,40.04,42.03,22.33,6.17,0.63,17.61,46.24,1.81,112.35,115.86,47.0,4.0
Mature,Poor,37.46,30.72,9.75,5.85,0.36,47.86,16.63,3.55,215.1,62.0,68.55,4.97
Mature,Rich,24.88,40.78,14.79,5.16,0.58,48.18,13.36,2.96,88.0,72.55,87.09,6.0
Young,Rich,26.59,44.3,9.77,6.36,0.9,26.11,26.08,2.48,84.0,139.0,71.26,2.0
Mature,Poor,5.75,9.29,19.9,6.3,0.63,20.18,41.12,2.31,86.49,79.0,86.1,2.0
Young,Rich,45.47,45.82,47.04,6.2,0.93,31.08,30.64,4.78,165.0,165.3,43.0,3.53
Harvest,Medium,5.02,30.6,32.58,5.15,0.47,41.14,49.71,5.59,219.0,133.38,98.02,2.0
Harvest,Medium,17.17,14.9,45.55,5.31,0.63,6.21,48.89,2.1,98.0,157.19,90.0,6.0
Young,Poor,30.15,21.22,8.56,6.12,0.86,42.28,7.27,5.63,204.9,127.67,101.0,4.0
Young,Rich,22.39,48.08,21.99,5.03,0.59,24.23,11.78,4.06,104.58,162.0,90.62,4.04
Young,Rich,46.45,32.75,46.58,6.47,0.48,26.78,47.4,4.26,164.0,93.19,79.0,2.75
Young,Rich,9.9,42.02,48.56,5.57,0.86,37.18,45.16,4.55,66.48,118.68,70.86,4.0
Young,Poor,9.65,27.54,48.16,6.08,0.55,20.71,25.22,4.53,139.0,114.0,59.61,6.0
Harvest,Medium,34.48,40.82,44.78,6.33,0.64,48.01,22.91,5.03,165.0,167.0,85.0,4.0
Harvest,Medium,23.04,32.42,21.89,5.59,0.93,43.79,16.43,3.58,146.0,66.43,41.37,1.84
Mature,Poor,38.07,12.58,18.02,5.48,0.42,20.64,5.76,3.79,98.0,122.62,68.87,2.82
Mature,Medium,14.19,10.42,37.08,5.91,0.5,42.14,13.62,2.89,192.56,147.0,100.69,5.91
Young,Medium,38.82,44.0,33.3,5.87,0.32,38.44,18.47,1.95,215.22,94.33,48.89,5.95
Harvest,Medium,18.4,18.14,26.13,5.61,0.55,19.34,12.74,4.36,133.47,161.99,45.0,3.0
Harvest,Medium,39.33,16.83,30.36,5.9,0.43,27.9,25.69,1.64,162.0,95.0,98.0,4.0
Mature,Medium,47.03,33.56,36.9,6.4,0.74,18.09,15.71,2.69,186.0,68.0,75.2,2.0
Young,Poor,25.5,17.09,37.73,5.7,0.42,6.52,37.66,1.91,98.64,123.0,111.97,4.0
Young,Poor,8.26,13.43,16.59,5.3,0.74,41.67,28.35,2.32,198.31,101.2,124.3,2.33
Mature,Medium,25.75,22.94,48.85,5.57,0.47,14.17,30.03,4.25,104.83,46.07,126.0,5.24
Harvest,Rich,41.87,32.28,16.54,5.59,0.53,31.26,46.79,4.2,184.13,53.5,77.73,6.0
Young,Poor,30.15,46.27,7.84,5.2,0.53,48.6,14.95,3.31,77.94,71.0,63.0,2.53
Mature,Poor,7.89,5.23,37.11,5.24,0.77,21.86,47.72,1.89,106.0,148.63,94.38,4.0
Harvest,Medium,10.57,21.3,20.61,6.03,0.6,6.94,5.57,3.36,145.0,165.0,96.17,2.23
Young,Medium,21.1,24.93,23.29,5.51,0.53,38.64,43.72,3.02,144.0,118.0,96.0,3.22
Harvest,Rich,7.9,6.93,19.79,6.43,0.85,5.33,31.74,4.6,196.07,58.36,68.0,2.0
Mature,Rich,26.12,39.19,43.8,5.37,0.67,23.62,45.58,3.99,219.0,116.68,45.0,2.91
Young,Rich,25.76,21.24,8.34,5.15,0.44,34.6,7.98,3.61,77.15,160.0,58.0,5.96
Young,Poor,25.37,11.68,15.55,6.13,0.89,10.14,41.7,3.59,103.0,145.93,53.05,2.0
Young,Poor,45.31,40.37,40.26,6.32,0.52,11.74,13.94,5.66,117.0,84.0,50.0,5.41
Young,Poor,33.82,6.77,27.61,5.42,0.33,11.4,23.52,4.75,136.63,61.0,123.29,2.0
Harvest,Medium,44.66,38.77,14.78,5.3,0.62,9.17,12.14,3.64,139.0,166.49,40.26,4.0
Mature,Poor,36.34,8.71,21.65,5.28,0.38,7.52,29.44,3.56,196.99,160.16,94.0,3.7
Young,Poor,15.27,40.14,27.86,5.78,0.46,45.04,25.11,1.61,183.29,51.31,125.22,5.71
Harvest,Poor,6.78,29.97,27.94,5.7,0.79,40.73,47.76,5.55,63.02,156.0,72.0,2.64
Harvest,Medium,48.4,22.08,47.81,5.39,0.38,6.26,16.34,2.87,132.8,57.0,86.97,3.0
Mature,Poor,38.8,19.66,13.96,5.07,0.82,6.25,17.25,2.6,158.89,53.0,102.0,4.94
Mature,Poor,24.92,17.43,29.91,5.72,0.91,8.19,41.67,5.8,134.0,147.0,67.86,4.85
Mature,Medium,32.26,11.37,28.56,6.44,0.69,34.16,48.18,4.59,81.0,116.94,82.0,4.74
Young,Rich,30.42,5.99,23.55,5.98,0.76,13.75,24.37,1.7,123.6,100.38,113.0,1.91
Harvest,Medium,34.51,17.11,29.52,5.74,0.76,6.46,38.8,1.77,125.86,167.0,107.0,3.0
Young,Rich,20.81,36.14,36.79,5.17,0.95,9.74,27.35,1.61,90.03,158.15,112.57,5.0
Mature,Rich,21.46,5.13,49.78,5.38,0.52,15.85,34.39,4.08,181.01,52.0,129.0,4.32
Young,Rich,46.86,6.11,19.44,5.44,0.41,31.72,15.17,1.81,111.42,128.0,72.7,4.0
Harvest,Medium,40.25,28.5,30.23,6.15,0.64,43.42,20.19,5.51,154.24,149.0,106.99,3.0
Mature,Rich,27.97,47.53,48.99,6.32,0.65,43.14,21.86,5.53,142.52,118.87,93.85,3.0
Young,Rich,26.48,23.49,45.32,6.35,0.42,17.6,34.08,3.85,200.0,178.0,100.0,5.78
Mature,Medium,6.85,47.6,16.53,6.48,0.7,34.48,19.54,4.15,79.52,137.3,106.33,4.86
Young,Medium,46.69,12.69,32.98,6.47,0.31,11.18,32.98,2.76,78.28,58.16,107.23,2.0
Harvest,Poor,23.61,30.65,9.14,6.43,0.9,31.58,38.64,1.78,108.0,70.97,120.0,5.74
Harvest,Rich,24.83,17.18,29.01,5.11,0.47,28.63,43.99,4.67,129.0,156.37,70.79,4.0
Young,Rich,32.64,9.23,34.54,5.21,0.33,7.84,16.61,1.94,107.77,179.56,98.47,3.0
Mature,Medium,45.51,29.61,21.34,5.46,0.37,29.81,17.47,1.87,182.11,57.0,64.51,3.0
Mature,Poor,40.15,34.08,47.7,5.83,0.46,48.71,23.41,2.84,99.24,57.64,93.11,4.85
Young,Medium,20.85,20.34,33.61,5.15,0.48,14.18,20.61,1.55,74.0,148.0,107.36,3.38
Young,Poor,46.09,40.23,15.35,6.27,0.32,47.28,47.32,3.37,126.21,52.75,110.98,4.23
Young,Poor,29.07,16.71,12.49,5.93,0.48,26.15,41.34,4.54,183.74,53.0,77.0,5.0
Mature,Medium,26.64,18.6,15.08,5.81,0.43,5.36,31.29,4.95,196.09,164.88,85.0,3.0
Young,Rich,46.41,46.86,7.67,5.25,0.55,22.1,38.1,4.1,177.34,153.0,69.0,5.77
Harvest,Poor,26.49,33.28,25.01,5.38,0.55,32.3,19.61,5.14,149.0,164.0,54.38,3.0
Mature,Poor,10.92,46.86,13.7,5.24,0.52,44.89,19.04,3.25,175.87,132.47,62.71,3.56
Harvest,Medium,34.34,15.09,34.02,6.28,0.51,43.88,49.64,5.15,169.0,87.86,122.0,5.0
Mature,Rich,13.26,21.9,34.75,5.88,0.36,28.56,25.66,3.68,97.5,167.26,67.12,4.36
Harvest,Poor,45.23,18.01,19.69,6.1,0.32,20.42,41.95,2.46,148.12,85.0,127.7,4.0
Young,Medium,7.87,44.2,41.44,5.44,0.43,20.08,10.25,5.56,183.3,81.47,60.97,4.53
Harvest,Medium,34.37,37.75,39.12,5.56,0.79,16.03,10.43,2.68,110.74,164.55,104.8,5.59
Harvest,Rich,46.4,41.09,39.66,5.61,0.94,46.25,43.71,1.61,164.64,137.0,91.0,5.0
Harvest,Poor,13.62,13.28,8.25,6.14,0.9,23.27,37.93,2.54,137.04,165.81,102.42,5.26
Mature,Medium,39.69,29.71,19.71,6.16,0.63,13.61,33.71,3.08,140.51,65.2,97.6,2.89
Harvest,Poor,28.69,27.42,42.88,5.31,0.65,7.93,15.24,3.01,74.41,173.51,103.31,3.56
Young,Poor,26.48,32.18,10.22,6.41,0.5,9.29,39.1,3.76,166.59,127.33,121.0,4.13
Mature,Poor,14.36,10.21,42.53,5.18,0.8,24.72,7.57,5.3,198.51,135.0,90.28,1.99
Harvest,Poor,43.73,38.27,17.68,6.34,0.8,33.41,35.15,2.76,82.63,168.0,45.17,5.03
Young,Poor,49.62,48.83,40.64,5.15,0.85,49.42,37.95,3.74,119.0,95.78,63.65,3.16
Harvest,Poor,7.86,29.22,13.56,5.4,0.88,46.19,10.66,2.96,68.0,141.86,103.0,3.0
Mature,Medium,20.56,34.63,25.57,6.27,0.58,12.15,46.04,5.03,65.0,131.09,83.96,2.89
Young,Rich,7.46,44.58,17.0,5.27,0.8,48.59,17.86,2.18,218.35,151.0,88.92,3.0
Young,Medium,16.34,22.88,12.36,5.62,0.82,8.79,45.67,1.95,138.96,165.98,93.29,3.0
Mature,Medium,42.28,40.79,26.73,5.67,0.5,49.79,37.73,3.66,116.88,136.0,73.82,4.34
Harvest,Poor,8.02,49.02,25.98,5.37,0.9,15.58,49.27,4.39,103.98,53.2,109.42,4.0
Mature,Medium,36.5,7.15,25.94,6.07,0.36,20.48,35.61,4.92,216.8,68.91,104.84,2.87
Harvest,Poor,32.82,12.3,44.14,6.28,0.95,27.66,17.24,4.04,100.0,173.74,104.0,2.67
Young,Rich,16.72,46.03,37.69,6.31,0.8,45.13,45.87,4.83,176.11,175.74,104.0,5.27
Young,Poor,9.89,37.73,23.15,5.51,0.36,22.92,48.76,3.19,105.0,176.0,120.02,2.19
Harvest,Medium,10.81,34.37,27.44,5.8,0.73,41.1,21.54,1.64,71.28,49.0,93.18,3.95
Young,Poor,21.56,13.68,37.93,5.37,0.32,17.59,27.28,2.0,169.0,96.01,127.0,4.0
Mature,Poor,39.52,43.12,8.77,5.37,0.8,24.41,40.7,1.67,60.0,147.0,49.85,4.0
Young,Poor,33.3,21.71,15.01,5.24,0.82,18.54,25.13,2.91,168.0,146.39,96.51,5.52
Mature,Medium,30.7,28.78,14.51,6.41,0.69,9.42,13.1,3.63,100.06,55.68,104.0,4.42
Mature,Medium,31.65,24.79,20.84,6.33,0.86,29.57,33.37,3.03,179.38,127.0,82.43,6.0
Mature,Medium,20.65,45.21,12.08,6.17,0.36,46.59,18.22,3.91,183.16,63.43,65.23,5.46
Mature,Medium,11.3,10.61,27.68,5.78,0.48,17.2,15.9,3.57,176.0,111.08,89.05,3.0
Young,Rich,49.45,6.79,31.27,5.74,0.57,47.76,36.28,4.42,64.0,76.6,72.19,2.81
Harvest,Poor,17.53,43.78,46.67,5.79,0.33,16.46,41.99,4.37,172.6,51.23,121.73,3.0
Harvest,Rich,38.96,8.69,48.7,5.8,0.59,37.03,11.39,2.87,218.42,55.0,71.0,3.44
Young,Rich,36.91,36.49,31.45,5.65,0.47,38.57,9.73,2.99,98.82,167.88,54.99,4.0
Harvest,Poor,48.53,35.13,41.16,5.2,0.56,25.93,39.85,4.02,103.88,145.0,91.45,3.0
Harvest,Medium,12.96,16.71,40.58,5.19,0.58,15.41,48.37,4.06,190.16,170.73,75.0,3.0
Harvest,Poor,21.1,15.68,6.59,6.43,0.87,14.58,8.44,2.85,86.0,107.92,48.0,3.0
Harvest,Medium,21.95,39.18,36.76,5.72,0.48,45.52,14.31,2.92,165.69,100.0,90.0,5.0
Harvest,Rich,22.6,32.05,5.07,6.43,0.88,45.38,16.65,4.48,181.0,92.74,87.94,5.0
Mature,Poor,27.0,47.64,8.75,5.25,0.58,34.87,36.1,4.28,65.95,128.0,55.0,5.9
Harvest,Rich,41.35,17.94,33.85,5.83,0.51,22.21,14.76,2.08,148.6,91.81,93.39,2.65
Young,Poor,39.44,14.23,47.34,5.31,0.63,48.96,37.39,3.4,152.14,145.49,90.63,3.45
Harvest,Rich,36.07,12.91,20.17,5.38,0.57,27.52,16.06,5.34,109.0,153.0,109.0,5.85
Harvest,Medium,7.6,40.23,43.18,5.05,0.47,41.29,39.26,1.66,200.22,163.11,71.9,5.0
Young,Poor,23.28,19.27,26.62,5.18,0.63,22.31,22.77,5.18,86.04,77.0,61.64,4.0
Young,Poor,5.23,6.03,30.31,6.38,0.4,39.78,48.35,2.2,118.27,116.0,126.0,4.07
Young,Rich,32.17,48.47,40.09,5.48,0.53,43.38,10.95,3.68,196.0,74.0,90.07,2.12
Young,Rich,24.2,43.96,11.65,5.91,0.67,19.54,13.84,3.32,90.5,49.11,41.47,6.0
Mature,Medium,37.74,28.76,20.54,5.7,0.57,42.74,12.17,1.54,191.42,140.0,113.68,4.0
Young,Poor,6.53,14.29,26.58,5.6,0.84,41.59,6.23,5.44,73.0,118.66,56.9,4.0
Mature,Medium,44.15,15.0,27.18,5.8,0.47,21.99,46.31,3.46,138.28,142.45,110.53,4.0
Harvest,Medium,26.46,35.22,11.11,5.28,0.93,25.76,45.52,5.6,72.05,55.92,103.0,3.45
Harvest,Rich,31.23,24.84,10.68,6.48,0.81,16.32,22.39,2.73,168.0,179.39,127.16,3.0
Mature,Rich,38.77,15.13,6.63,6.23,0.93,32.14,18.59,5.22,186.5,179.23,126.87,5.0
Harvest,Poor,15.75,10.66,39.33,6.11,0.84,39.82,34.58,5.47,195.98,107.0,63.97,3.94
Young,Poor,38.64,24.16,39.87,5.7,0.39,12.13,27.12,3.89,217.0,161.78,108.75,1.94
Young,Poor,12.71,6.25,15.24,5.23,0.64,44.73,15.26,2.37,167.52,77.13,67.83,3.0
Mature,Poor,49.08,47.6,42.36,6.38,0.41,26.24,20.86,4.45,183.0,144.31,96.26,6.0
Harvest,Medium,38.15,45.32,19.01,5.51,0.83,14.04,19.79,3.86,141.0,164.0,93.39,3.37
Harvest,Poor,29.67,21.64,16.15,5.08,0.68,34.64,37.19,5.56,206.04,154.79,43.96,4.0
Harvest,Medium,47.77,19.01,22.13,5.51,0.47,18.63,42.52,3.39,163.0,154.0,39.0,4.0
Harvest,Rich,48.22,48.93,12.63,6.19,0.9,25.98,34.49,2.65,201.37,106.97,44.26,5.0
Young,Poor,22.87,48.35,44.64,5.93,0.37,41.79,40.0,2.09,98.0,156.0,51.0,4.61
Mature,Rich,29.91,16.61,47.36,6.13,0.67,29.55,9.72,4.5,139.48,138.0,62.0,5.37
Young,Medium,28.84,42.56,31.72,6.19,0.77,34.52,9.73,5.69,177.0,62.0,122.0,2.28
Harvest,Rich,12.47,48.87,9.6,5.32,0.34,10.4,45.88,1.62,92.44,59.53,86.2,5.68
Mature,Rich,26.02,45.34,17.6,6.39,0.69,8.34,32.36,4.68,93.81,149.0,111.52,5.6
Young,Rich,10.09,41.36,6.88,5.66,0.83,6.29,41.93,5.49,216.49,129.06,115.0,4.0
Harvest,Rich,44.21,26.73,11.34,5.96,0.34,7.21,25.58,1.82,130.0,115.0,106.0,4.42
Mature,Poor,32.21,21.37,15.88,5.0,0.63,22.23,46.69,1.97,89.09,167.39,74.62,3.0
Harvest,Medium,21.47,27.04,42.06,6.49,0.47,40.81,23.72,4.48,113.03,133.7,117.61,4.0
Young,Medium,30.64,18.44,27.34,5.42,0.73,44.14,7.01,4.29,123.58,97.88,107.0,2.65
Harvest,Medium,5.75,23.21,37.12,5.09,0.38,16.32,27.65,1.8,159.69,100.29,107.0,2.0
Young,Rich,42.4,38.51,26.17,5.69,0.91,38.7,31.02,5.09,208.0,126.31,121.0,5.92
Young,Rich,14.17,49.36,8.69,5.19,0.88,13.69,23.86,3.75,217.85,147.0,93.0,3.0
Harvest,Medium,5.46,28.68,11.97,5.23,0.42,48.56,37.62,5.4,164.27,121.0,87.1,4.29
Harvest,Rich,24.48,41.25,31.28,5.95,0.51,39.49,22.34,5.28,172.0,113.0,120.0,3.06
Mature,Medium,11.34,42.48,14.25,5.59,0.68,13.65,19.9,4.99,111.49,142.86,80.0,3.0
Harvest,Poor,45.6,31.67,37.89,6.38,0.77,46.36,39.38,3.72,197.0,139.92,112.85,3.47
Harvest,Rich,48.24,26.95,18.66,5.48,0.59,41.8,16.24,2.58,95.0,156.93,43.9,3.21
Mature,Medium,6.08,45.4,14.69,6.09,0.4,22.68,12.69,3.68,77.0,52.51,39.12,4.48
Mature,Rich,47.61,44.55,29.69,5.69,0.37,26.42,21.45,1.93,215.72,147.0,87.0,5.84
Harvest,Rich,25.64,26.24,21.35,5.99,0.95,25.94,23.34,4.33,198.0,113.87,46.0,4.0
Mature,Rich,49.19,28.43,7.47,5.9,0.6,5.59,27.55,2.08,108.58,54.0,127.87,5.89
Harvest,Medium,44.38,43.22,8.55,5.71,0.87,36.25,18.36,3.7,168.03,136.0,40.0,4.6
Young,Poor,24.08,39.04,20.97,6.43,0.61,28.5,38.61,1.73,134.72,141.0,104.0,4.35
Mature,Rich,18.78,29.33,19.82,5.51,0.9,5.38,35.46,2.79,111.7,115.21,61.0,2.8
Mature,Rich,45.58,22.32,21.54,5.27,0.36,6.05,5.65,2.5,105.88,151.96,127.0,2.06
Mature,Medium,28.36,20.82,13.49,6.02,0.37,45.63,11.19,4.17,82.0,84.83,73.72,5.38
Harvest,Medium,12.29,24.21,49.27,6.27,0.9,30.43,33.75,4.88,147.89,71.46,41.0,4.0
Mature,Poor,12.47,29.51,15.16,5.06,0.92,41.1,14.12,1.75,131.46,91.7,41.0,3.54
Mature,Poor,42.51,27.28,46.7,5.67,0.5,43.15,25.68,5.16,142.0,99.77,89.0,5.0
Harvest,Rich,17.49,39.41,9.33,6.34,0.53,42.29,30.98,5.2,94.46,138.65,128.79,3.1
Harvest,Medium,16.57,47.15,7.43,6.12,0.59,37.68,25.52,2.97,210.0,158.99,128.16,5.09
Young,Medium,39.68,19.52,44.92,6.49,0.57,15.91,23.58,4.33,162.17,142.0,70.0,3.0
Mature,Rich,31.11,7.85,14.89,5.8,0.42,21.73,22.06,3.23,204.0,67.66,82.93,5.67
Harvest,Rich,11.02,35.6,30.59,5.99,0.88,26.45,6.24,2.16,77.0,93.81,48.0,3.0
Young,Poor,31.39,34.55,23.87,5.45,0.46,7.64,31.61,3.77,159.66,65.54,87.0,2.38
Young,Medium,6.15,49.51,47.54,6.42,0.76,19.5,45.01,1.87,195.91,137.39,93.57,5.0
Young,Rich,18.94,7.47,29.9,5.55,0.34,22.87,13.6,5.28,112.95,78.0,62.0,2.48
Young,Poor,29.86,44.2,8.86,6.11,0.33,49.74,20.46,5.47,91.22,115.45,95.0,6.0
Young,Medium,12.62,19.85,41.94,5.6,0.72,28.56,28.63,5.03,102.0,151.69,120.87,5.0
Mature,Poor,20.18,13.39,6.66,5.84,0.52,32.66,10.41,3.92,104.0,135.0,39.09,3.0
Young,Rich,40.88,8.72,39.95,6.08,0.73,30.3,33.6,3.9,131.55,84.58,60.0,2.68
Harvest,Medium,8.62,28.07,39.16,5.76,0.36,30.0,34.27,5.73,112.15,89.27,58.0,5.68
Harvest,Poor,24.36,40.05,17.42,6.36,0.92,13.15,8.65,2.57,103.4,133.0,50.27,4.0
Mature,Medium,19.33,43.71,9.57,5.63,0.79,5.24,27.3,1.83,163.76,119.0,54.0,6.0
Young,Medium,21.81,29.33,44.11,5.97,0.87,43.7,12.13,3.92,68.49,57.0,96.0,2.26
Young,Poor,40.86,31.03,44.39,5.51,0.39,48.56,33.39,2.91,114.46,162.86,48.35,5.69
Young,Poor,8.55,40.28,6.72,5.61,0.51,20.65,18.12,2.89,170.0,113.72,106.21,3.98
Mature,Poor,13.76,24.71,40.08,5.66,0.54,21.19,33.27,1.53,88.0,108.38,119.72,4.61
Mature,Rich,35.38,14.48,7.33,5.19,0.65,47.04,14.87,4.06,95.0,71.0,123.0,3.37
Young,Poor,18.23,24.52,41.34,5.14,0.49,46.25,15.14,2.64,92.0,95.27,99.0,2.0
Harvest,Rich,48.44,49.17,27.27,6.0,0.34,44.28,38.92,2.31,60.15,89.26,56.96,6.0
Young,Rich,32.23,5.64,29.19,5.98,0.54,6.74,38.02,1.67,135.8,80.82,47.0,5.98
Young,Medium,48.73,45.49,38.68,5.99,0.47,16.67,7.61,3.07,66.23,121.0,60.11,3.33
Young,Rich,22.78,37.72,23.56,5.03,0.55,45.1,25.81,5.28,103.67,107.0,126.54,5.76
Harvest,Medium,43.79,42.85,15.59,5.49,0.43,22.37,32.39,2.95,219.0,165.0,126.57,2.0
Mature,Poor,23.63,27.54,40.3,5.3,0.47,22.62,10.42,4.42,206.94,172.02,74.0,2.45
Harvest,Rich,18.02,28.3,45.89,6.17,0.71,6.25,42.18,4.75,94.41,73.85,68.65,2.0
Mature,Rich,15.81,7.52,7.76,6.29,0.55,42.15,47.06,2.91,109.6,57.61,85.0,3.44
Young,Poor,22.06,19.32,36.22,5.37,0.52,23.62,25.56,5.03,134.19,150.81,65.54,2.02
Harvest,Rich,40.24,40.69,47.23,6.0,0.65,34.01,31.56,4.48,195.0,179.0,128.0,3.0
Mature,Rich,48.74,13.19,40.94,5.19,0.8,33.45,16.35,3.9,188.0,161.45,59.13,2.38
Harvest,Poor,7.51,5.2,19.2,5.41,0.55,18.66,19.87,1.5,80.2,47.0,73.0,4.87
Young,Poor,5.43,22.19,40.74,5.21,0.68,12.82,14.66,1.65,79.91,78.17,78.07,5.3
Young,Medium,47.24,12.8,39.56,5.43,0.93,18.2,39.4,5.76,126.68,49.89,50.38,5.0
Harvest,Poor,47.7,39.0,45.7,6.01,0.64,6.04,36.47,4.86,199.0,156.0,74.0,2.64
Young,Rich,34.85,8.21,44.51,6.37,0.89,8.66,42.45,5.53,201.13,123.07,116.96,5.0
Harvest,Medium,22.79,43.61,47.71,5.3,0.82,14.37,38.06,5.38,77.0,114.0,51.77,2.85
Harvest,Rich,9.64,33.47,41.78,5.81,0.34,20.84,47.95,1.59,152.0,119.41,92.15,4.99
Mature,Rich,44.14,40.6,45.18,6.05,0.58,7.67,43.35,4.9,85.0,78.33,76.0,4.18
Mature,Rich,17.55,34.85,6.79,6.43,0.75,43.54,40.83,3.44,170.0,125.82,55.0,3.34
Young,Medium,42.06,29.22,46.16,5.92,0.94,22.81,22.68,4.9,207.0,48.0,40.12,2.0
Harvest,Poor,36.96,29.65,9.85,5.38,0.6,48.89,40.9,1.53,132.76,131.86,63.87,5.0
Mature,Medium,17.36,19.58,20.58,5.94,0.36,16.67,8.74,2.74,73.29,144.0,44.63,6.0
Young,Rich,6.25,45.82,6.04,5.48,0.67,34.38,25.92,4.73,152.68,136.0,73.29,4.6
Young,Rich,19.8,49.16,5.03,6.46,0.38,21.15,37.01,4.91,125.36,89.0,113.0,5.85
Harvest,Poor,21.2,32.17,13.98,5.6,0.79,17.58,8.3,4.16,190.0,156.0,104.0,6.0
Harvest,Poor,20.28,25.33,48.86,6.03,0.63,37.22,47.98,2.8,114.46,141.31,125.21,2.62
Mature,Poor,19.43,12.92,28.68,5.03,0.77,17.13,34.53,2.83,200.0,61.45,78.0,4.87
Young,Rich,28.41,26.44,38.97,5.6,0.87,13.3,12.56,5.66,103.79,71.0,103.41,3.27
Young,Medium,48.87,28.03,28.41,6.31,0.71,6.97,48.38,3.39,85.2,130.65,99.55,3.85
Young,Rich,28.79,42.32,8.08,5.92,0.7,38.81,5.35,3.42,109.04,83.0,58.75,2.0
Harvest,Poor,30.6,38.39,33.89,5.67,0.79,19.61,27.15,3.88,65.59,60.24,67.0,5.89
Harvest,Medium,6.31,39.05,12.68,6.4,0.85,16.51,33.78,3.26,105.0,65.08,87.0,5.0
Mature,Poor,8.63,22.1,47.8,6.28,0.86,25.52,32.78,3.88,165.62,66.52,111.5,2.92
Young,Medium,11.78,24.91,14.05,5.48,0.32,38.96,48.2,3.36,82.77,108.98,81.02,3.0
Mature,Rich,33.49,21.91,13.18,5.82,0.66,13.18,8.69,5.05,77.82,126.6,60.0,3.57
Young,Rich,28.38,11.27,25.04,5.73,0.44,24.94,44.14,5.41,81.18,68.0,129.41,5.0
Mature,Poor,46.59,33.84,25.04,5.95,0.86,39.3,18.6,5.51,72.41,141.0,49.52,6.0
Mature,Poor,29.17,47.45,17.63,5.5,0.72,40.48,11.06,3.93,200.0,82.0,125.99,3.15
Mature,Medium,38.78,40.41,24.85,5.37,0.57,32.14,36.99,3.4,211.0,86.0,113.0,3.78
Harvest,Rich,15.58,35.34,9.77,6.37,0.42,41.93,31.07,4.53,67.0,74.4,115.34,4.29
Young,Rich,29.52,30.55,7.75,6.39,0.52,10.09,24.42,5.1,182.0,151.0,111.0,3.45
Young,Medium,37.08,48.86,22.5,6.26,0.76,10.51,44.19,3.92,177.94,175.0,58.0,3.92
Harvest,Medium,43.7,37.27,32.11,6.47,0.43,7.76,16.17,4.51,219.51,110.98,97.0,2.0
Young,Medium,30.57,37.35,6.01,6.12,0.36,39.32,14.78,4.72,115.66,49.72,107.86,2.5
Mature,Poor,16.0,10.94,9.25,6.15,0.88,19.03,40.03,4.41,106.0,79.44,106.86,3.0
Young,Poor,27.49,15.25,19.22,6.14,0.8,43.76,10.77,4.71,132.49,65.49,63.71,5.64
Mature,Poor,17.74,30.16,6.66,5.72,0.43,46.56,46.43,2.4,197.0,159.0,55.48,3.27
Mature,Rich,11.22,31.41,38.6,5.68,0.49,42.26,35.03,3.64,176.57,55.54,69.0,2.85
Harvest,Rich,37.7,6.46,18.69,5.36,0.93,20.19,11.43,4.03,135.46,175.44,82.67,5.0
Mature,Medium,11.35,33.04,38.85,5.97,0.76,42.46,23.28,1.51,99.13,124.0,91.21,6.0
Young,Rich,21.61,47.88,46.55,5.43,0.7,13.02,9.06,5.18,176.32,114.41,115.16,3.73
Harvest,Medium,46.65,32.35,18.48,5.39,0.5,28.85,29.96,4.12,196.72,159.24,108.98,2.0
Mature,Medium,30.78,25.85,26.84,5.88,0.49,25.68,14.08,2.06,123.99,48.0,100.53,4.69
Harvest,Poor,29.86,7.36,15.95,5.61,0.33,27.88,47.66,5.01,167.0,149.69,62.98,3.54
Young,Medium,45.08,30.8,37.43,5.33,0.77,40.52,15.33,4.58,124.03,60.0,82.58,5.0
Young,Poor,27.53,37.04,15.54,6.22,0.33,23.37,19.85,4.76,136.56,158.0,69.52,2.97
Young,Rich,27.12,39.29,5.13,6.29,0.3,20.13,15.35,3.19,143.99,115.97,60.0,2.0
Mature,Poor,26.26,9.95,49.22,5.25,0.77,12.88,28.63,5.17,184.0,52.0,39.93,3.0
Harvest,Medium,37.86,26.38,32.52,5.01,0.92,48.93,12.1,3.28,216.0,157.0,69.89,4.76
Mature,Poor,14.51,26.01,16.59,5.5,0.79,23.65,17.21,3.95,131.0,47.71,62.31,3.45
Young,Rich,6.72,7.65,12.47,6.2,0.61,36.36,20.83,1.5,114.77,63.0,91.04,2.72
Harvest,Rich,17.21,35.91,44.36,6.26,0.62,49.76,11.6,4.27,119.77,152.5,44.67,3.75
Young,Medium,7.9,31.69,35.22,5.21,0.58,24.94,6.27,4.59,81.0,107.22,64.0,4.96
Young,Rich,13.34,19.84,12.38,6.16,0.51,19.1,26.52,3.94,107.51,163.87,43.07,2.0
Harvest,Poor,34.54,29.58,42.2,5.17,0.64,11.17,34.32,3.64,73.83,130.0,97.37,4.71
Harvest,Rich,48.38,11.53,11.75,5.59,0.58,34.57,40.81,4.98,128.46,129.0,90.71,4.6
Harvest,Rich,12.83,36.35,18.66,6.5,0.69,31.2,37.61,4.43,86.78,83.74,70.0,3.0
Mature,Rich,19.11,23.42,8.51,5.29,0.88,6.86,20.8,2.7,115.43,62.18,52.41,6.0
Young,Poor,28.62,15.55,15.59,5.23,0.95,42.4,31.78,5.62,186.97,174.72,126.17,5.56
Harvest,Medium,38.44,12.03,7.48,5.63,0.35,41.65,21.98,4.54,99.0,58.0,92.0,3.0
Young,Rich,15.22,48.65,27.46,5.93,0.55,15.6,44.45,5.75,157.9,115.95,101.0,1.93
Mature,Poor,5.92,12.77,42.0,6.4,0.42,30.96,40.57,5.68,204.19,81.07,87.35,3.09
Young,Medium,8.38,45.44,40.24,6.47,0.53,27.49,33.09,5.45,150.71,80.0,112.39,3.0
Harvest,Poor,31.29,8.78,23.64,5.1,0.49,11.1,31.95,4.75,91.01,124.86,120.57,4.0
Mature,Poor,20.97,22.42,20.63,5.21,0.41,14.2,6.4,4.12,115.16,153.0,74.0,6.0
Young,Medium,24.78,20.42,6.79,6.19,0.8,44.24,44.19,2.24,154.46,150.0,102.0,5.0
Mature,Medium,5.92,47.32,26.34,5.41,0.62,34.72,30.23,3.84,141.0,162.0,60.0,3.08
Young,Poor,39.95,45.66,12.65,6.33,0.9,34.73,41.28,4.79,84.0,83.83,98.0,3.6
Harvest,Poor,11.42,40.65,18.14,6.0,0.32,29.68,15.4,3.74,131.49,107.34,75.0,1.95
Mature,Medium,12.42,19.75,16.16,5.17,0.34,10.28,13.77,5.23,146.89,45.27,39.62,4.0
Young,Medium,9.75,27.25,36.51,6.25,0.56,12.12,33.11,1.97,102.77,146.0,125.95,2.0
Young,Poor,16.71,12.29,48.52,5.26,0.35,33.69,15.77,3.14,158.0,85.12,118.03,6.0
Harvest,Poor,8.44,17.67,29.83,5.64,0.47,18.61,42.2,3.68,71.23,120.36,65.47,5.0
Young,Medium,33.8,13.0,45.19,5.83,0.94,29.09,36.64,3.36,114.0,67.0,129.8,3.0
Harvest,Poor,6.53,49.87,44.29,5.75,0.44,39.31,30.24,1.97,188.68,155.44,67.86,4.74
Mature,Medium,41.85,30.08,28.27,6.03,0.43,23.12,25.74,2.16,101.49,155.0,81.0,4.0
Harvest,Poor,33.8,30.03,12.61,5.98,0.67,21.58,9.33,5.1,157.0,163.33,116.0,5.17
Harvest,Rich,20.7,7.33,43.2,6.49,0.62,45.8,49.61,3.58,126.0,50.0,67.0,3.8
Young,Poor,16.57,39.45,12.79,6.5,0.68,23.38,8.39,1.71,110.63,178.97,80.0,2.61
Young,Poor,39.21,48.34,8.46,5.77,0.54,23.13,11.09,1.57,206.58,77.7,99.57,4.0
Mature,Poor,6.96,36.57,41.41,5.14,0.84,33.16,30.15,3.54,115.0,86.08,50.87,2.14
Young,Rich,15.28,21.56,38.53,6.09,0.39,7.84,49.27,2.21,98.0,77.91,77.0,4.26
Young,Rich,41.11,28.11,33.5,6.46,0.58,5.07,15.46,4.53,205.49,80.0,67.0,2.69
Mature,Rich,45.58,7.27,47.68,5.48,0.75,35.58,38.98,4.92,179.35,119.16,100.59,4.68
Harvest,Medium,46.85,13.67,6.82,5.69,0.86,42.58,46.32,2.48,169.0,76.61,51.0,5.28
Harvest,Poor,29.17,35.55,39.88,5.64,0.54,39.66,14.8,4.05,67.93,97.55,60.0,2.26
Mature,Poor,45.75,31.44,28.05,5.08,0.67,45.64,42.53,2.16,81.0,133.16,103.74,3.48
Young,Rich,33.54,9.02,31.2,6.01,0.34,30.55,37.27,2.81,162.0,157.7,53.0,4.88
Harvest,Medium,35.58,23.77,9.6,5.53,0.41,20.67,16.87,5.32,93.51,138.0,77.4,2.0
Young,Rich,38.37,8.21,38.63,6.18,0.34,45.09,14.19,3.84,96.0,124.83,104.0,4.18
Mature,Medium,45.58,14.26,12.52,6.25,0.77,17.67,17.9,5.31,184.66,64.09,108.66,5.0
Mature,Poor,20.31,48.53,32.73,6.23,0.49,46.81,25.27,2.47,105.75,154.99,47.63,3.29
Young,Medium,47.37,49.52,11.34,5.62,0.77,26.26,5.81,2.92,71.45,49.0,116.53,5.0
Mature,Rich,6.82,21.59,42.35,5.48,0.34,34.36,44.13,3.53,65.83,79.93,105.0,3.94
Young,Rich,37.61,35.67,46.55,6.12,0.86,47.58,26.44,3.56,131.0,52.0,69.88,4.43
Young,Medium,31.62,24.32,32.57,6.2,0.84,26.22,21.31,5.79,158.74,134.77,108.51,2.39
Harvest,Medium,8.15,5.16,49.93,5.74,0.36,23.58,44.34,1.99,199.02,94.0,105.28,1.9
Mature,Poor,18.19,29.62,31.2,6.34,0.32,12.59,44.12,5.16,77.73,132.68,93.68,2.0
Mature,Medium,7.78,26.66,48.94,5.22,0.34,43.97,34.56,5.21,91.47,91.2,89.82,5.6
Mature,Medium,40.04,35.58,12.01,6.32,0.85,14.01,37.67,3.88,145.0,106.0,106.0,5.51
Mature,Rich,38.79,44.95,27.19,5.14,0.45,26.35,35.87,2.98,118.0,106.28,129.93,5.0
Harvest,Rich,48.22,20.53,23.21,5.23,0.66,48.36,44.94,3.73,137.0,50.0,91.65,2.64
Harvest,Medium,7.9,35.61,19.8,5.8,0.58,38.09,26.9,2.76,207.86,102.51,112.59,4.01
Mature,Rich,10.95,24.79,46.21,5.1,0.82,41.24,8.65,4.94,147.18,131.0,107.0,5.14
Mature,Poor,29.73,20.02,36.79,5.08,0.62,8.11,11.11,3.64,126.42,118.26,116.88,4.63
Young,Rich,43.78,22.48,40.95,5.0,0.63,12.42,20.26,5.48,218.0,54.24,125.86,2.29
Young,Medium,11.41,39.97,11.57,5.65,0.94,25.05,17.05,4.18,70.0,135.0,56.57,6.0
Harvest,Medium,7.98,21.78,19.97,6.16,0.4,25.74,48.92,3.71,209.0,86.01,54.0,2.0
Harvest,Medium,38.33,18.39,20.91,5.05,0.84,32.53,44.45,4.56,140.27,46.0,92.36,3.0
Harvest,Rich,19.9,5.38,24.12,5.98,0.33,21.58,49.42,3.67,140.6,65.16,79.89,5.58
Mature,Medium,30.77,46.38,14.56,6.23,0.61,33.37,28.4,5.39,207.51,111.67,91.0,4.0
Harvest,Rich,30.47,38.29,12.65,5.25,0.88,29.48,15.12,2.29,141.0,86.0,111.62,3.0
Mature,Medium,29.21,16.87,33.86,5.22,0.73,9.63,27.8,5.69,130.15,138.44,124.0,4.0
Young,Medium,16.55,39.67,23.92,6.29,0.75,28.64,19.52,4.99,104.0,76.73,76.98,5.92
Young,Rich,21.57,5.08,23.9,6.23,0.47,28.83,47.23,5.2,165.0,149.0,104.0,2.0
Mature,Rich,22.83,26.74,38.1,5.81,0.57,23.12,48.86,3.58,151.14,82.96,57.0,4.98
Mature,Medium,41.81,35.07,26.42,6.23,0.54,18.72,49.43,5.1,94.3,128.44,87.64,3.2
Mature,Rich,32.15,13.08,5.97,5.14,0.64,30.89,23.26,2.82,173.51,152.69,40.98,2.29
Harvest,Rich,26.19,21.52,6.24,5.59,0.6,33.61,21.89,4.78,163.0,96.0,84.84,3.57
Harvest,Poor,45.48,28.0,31.73,6.11,0.51,34.12,8.22,2.1,124.0,50.0,88.63,4.0
Harvest,Rich,15.11,43.72,20.69,5.39,0.5,41.9,13.66,2.82,60.7,116.82,105.93,2.67
Harvest,Medium,42.22,39.66,28.92,6.13,0.46,6.58,44.97,3.42,131.45,179.0,98.1,3.5
Harvest,Medium,41.44,24.55,28.15,5.76,0.54,30.02,5.45,2.89,61.0,175.78,71.61,4.47
Mature,Medium,44.56,25.05,38.92,6.13,0.4,45.47,11.8,3.16,72.0,74.06,39.52,4.22
Mature,Medium,39.3,13.49,31.37,5.7,0.87,48.93,47.02,5.03,128.9,147.0,49.51,5.0
Mature,Medium,42.73,11.91,24.57,5.55,0.69,38.77,38.16,2.6,73.11,91.0,128.0,5.0
Mature,Medium,26.98,16.62,24.04,5.33,0.39,28.23,20.96,4.7,104.0,66.0,122.93,3.52
Mature,Medium,31.23,7.8,16.53,5.31,0.75,24.34,24.22,1.82,165.0,135.0,68.58,4.0
Mature,Rich,30.55,20.42,40.45,6.13,0.85,13.78,15.78,4.79,109.0,112.12,62.56,3.89
Mature,Medium,46.88,41.3,8.71,5.18,0.45,36.86,40.87,4.91,220.0,117.0,78.71,4.18
Young,Poor,32.6,8.12,24.25,5.13,0.4,10.09,36.24,3.23,207.0,157.0,102.0,2.25
Mature,Rich,12.27,43.17,35.35,5.26,0.31,16.72,8.97,4.61,153.65,89.77,71.47,3.0
Young,Poor,46.53,42.03,34.53,5.26,0.33,41.75,28.62,5.44,215.0,134.72,45.12,3.0
Mature,Rich,41.55,45.49,15.68,6.23,0.8,33.8,41.51,4.94,198.88,94.0,76.0,3.42
Young,Medium,6.21,34.09,37.23,5.6,0.94,27.27,30.42,3.18,111.0,50.0,62.71,5.89
Harvest,Rich,43.32,28.9,6.7,6.49,0.33,14.89,41.77,3.58,179.94,95.0,68.57,4.25
Harvest,Poor,40.53,11.65,37.65,5.21,0.79,16.82,32.99,4.85,81.89,173.2,54.0,4.0
Harvest,Medium,42.63,44.21,13.53,5.98,0.35,10.97,13.61,2.76,170.0,110.0,98.95,4.18
Young,Rich,40.2,11.3,17.52,5.67,0.68,21.06,14.58,4.96,138.57,58.72,86.92,4.61
Mature,Medium,43.26,49.57,42.42,5.59,0.79,7.1,5.89,2.91,62.69,138.0,63.65,3.63
Mature,Rich,47.59,38.66,43.85,6.31,0.53,38.44,46.35,4.97,103.88,175.02,89.0,3.68
Young,Poor,50.0,17.57,5.58,6.46,0.31,37.26,29.45,1.87,212.86,167.48,83.84,5.0
Young,Medium,44.36,33.45,22.71,6.31,0.69,43.97,10.66,1.69,110.53,122.0,111.43,2.06
Harvest,Medium,41.16,33.74,39.23,5.29,0.94,22.75,17.37,5.79,89.03,95.17,126.0,4.07
Young,Medium,20.32,37.03,38.73,5.33,0.47,47.95,5.57,5.24,90.0,122.97,50.89,4.1
Young,Rich,38.59,36.19,23.66,5.98,0.42,13.81,8.69,5.3,136.67,154.97,119.44,4.98
Harvest,Rich,17.95,49.18,28.82,5.43,0.38,40.71,43.02,5.59,194.82,161.13,103.0,6.0
Harvest,Rich,24.65,25.23,43.85,6.1,0.66,48.32,12.45,3.38,181.28,155.0,102.02,5.14
